Date,Home,Away,Location,Winner
1.5194772,12,11,Marijampolės futbolo arenos maniežas,0.0
1.5194844,10,0,„Sportima“,1.0
1.5195636,8,5,Klaipėdos dirbtinės dangos st.,0.5
1.5195816,14,6,„Sportima“,0.0
1.520082,6,10,LFF Kauno treniruočių centro st.,1.0
1.5200892,12,8,Marijampolės futbolo arenos maniežas,0.0
1.5201684,5,0,Marijampolės futbolo arenos maniežas,0.5
1.5201828,11,14,Marijampolės futbolo arenos maniežas,0.5
1.5204456,0,6,Klaipėdos dirbtinės dangos st.,1.0
1.520451,10,11,„Sportima“,0.5
1.520532,12,5,Marijampolės futbolo arenos maniežas,0.0
1.5205374,14,8,„Sportima“,0.0
1.520964,8,10,Klaipėdos dirbtinės dangos st.,0.5
1.5210504,11,0,LFF Kauno treniruočių centro st.,1.0
1.5210576,12,14,Marijampolės futbolo arenos maniežas,0.5
1.5212916,5,6,Jonavos dirbtinės dangos st.,1.0
1.521396,10,8,„Sportima“,0.0
1.5224328,0,8,Klaipėdos dirbtinės dangos st.,0.5
1.5224382,14,5,„Sportima“,1.0
1.5225012,10,12,„Sportima“,1.0
1.5225012,6,11,LFF Kauno treniruočių centro st.,1.0
1.5228648,11,5,LFF Kauno treniruočių centro st.,0.0
1.5229512,8,6,Klaipėdos dirbtinės dangos st.,0.0
1.5229584,12,0,Marijampolės futbolo arenos maniežas,0.0
1.523106,14,10,LFF stadionas,0.0
1.5234696,0,14,Klaipėdos dirbtinės dangos st.,1.0
1.5234768,11,8,LFF Kauno treniruočių centro st.,1.0
1.523556,12,6,Marijampolės futbolo arenos maniežas,0.0
1.5235632,10,5,LFF stadionas,0.5
1.523988,5,8,Jonavos dirbtinės dangos st.,0.0
1.5239952,11,12,LFF Kauno treniruočių centro st.,1.0
1.5240744,0,10,Klaipėdos dirbtinės dangos st.,1.0
1.5240816,6,14,LFF Kauno treniruočių centro st.,0.5
1.524402,14,11,LFF stadionas,0.5
1.5245928,8,12,Klaipėdos dirbtinės dangos st.,1.0
1.5246,10,6,LFF stadionas,0.0
1.5246792,0,5,Klaipėdos dirbtinės dangos st.,0.0
1.5249204,8,14,Klaipėdos dirbtinės dangos st.,1.0
1.5249204,5,12,Jonavos dirbtinės dangos st.,0.5
1.5250068,6,0,LFF Kauno treniruočių centro st.,1.0
1.5250248,11,10,LFF Kauno treniruočių centro st.,1.0
1.525284,8,10,Palangos m. stadionas,0.0
1.5252912,14,12,LFF stadionas,1.0
1.5253704,6,5,Dariaus ir Girėno stadionas,0.0
1.5253776,0,11,Klaipėdos m. centrinis stadionas,0.5
1.5256332,12,10,Marijampolės futbolo arenos stadionas,0.5
1.5258024,11,6,Dariaus ir Girėno stadionas,1.0
1.5258096,5,14,Jonavos dirbtinės dangos st.,1.0
1.5258888,8,0,Palangos m. stadionas,1.0
1.52613,0,12,Klaipėdos m. centrinis stadionas,1.0
1.52613,10,14,LFF stadionas,1.0
1.5262164,5,11,Jonavos m. stadionas,1.0
1.5262344,6,8,Dariaus ir Girėno stadionas,0.5
1.5264936,5,10,Jonavos m. stadionas,0.5
1.5264936,8,11,Palangos m. stadionas,1.0
1.5267348,14,0,LFF stadionas,0.0
1.5268212,10,5,LFF stadionas,0.0
1.527012,12,11,Marijampolės futbolo arenos stadionas,0.0
1.5270984,6,14,Dariaus ir Girėno stadionas,1.0
1.5271056,10,0,LFF stadionas,1.0
1.5271848,8,5,Palangos m. stadionas,0.0
1.5289992,6,10,Dariaus ir Girėno stadionas,0.5
1.5290856,5,0,Jonavos m. stadionas,0.0
1.529154,8,12,Palangos m. stadionas,1.0
1.529154,14,11,LFF stadionas,1.0
1.5294312,11,10,Dariaus ir Girėno stadionas,0.0
1.5295176,14,8,LFF stadionas,0.0
1.5295248,12,5,Marijampolės futbolo arenos stadionas,0.0
1.5301224,5,6,Jonavos m. stadionas,1.0
1.5301296,12,14,Marijampolės futbolo arenos stadionas,1.0
1.5304716,6,12,Dariaus ir Girėno stadionas,1.0
1.5306408,11,8,Dariaus ir Girėno stadionas,0.0
1.5307272,6,12,Dariaus ir Girėno stadionas,0.0
1.5333876,12,0,Marijampolės futbolo arenos stadionas,0.0
1.5333876,5,11,Jonavos m. stadionas,1.0
1.5336648,8,6,Palangos m. stadionas,1.0
1.5339924,6,11,Dariaus ir Girėno stadionas,1.0
1.5339924,8,0,Palangos m. stadionas,0.0
1.5340788,5,10,Jonavos m. stadionas,1.0
1.534356,0,6,Klaipėdos m. centrinis stadionas,1.0
1.5345972,5,8,Jonavos m. stadionas,0.0
1.5346836,0,10,Klaipėdos m. centrinis stadionas,1.0
1.5347016,14,6,LFF stadionas,0.0
1.5349608,11,14,Dariaus ir Girėno stadionas,1.0
1.534968,0,5,Klaipėdos m. centrinis stadionas,0.5
1.5350544,10,6,LFF stadionas,0.0
1.535202,11,0,Dariaus ir Girėno stadionas,0.0
1.5354792,6,0,Dariaus ir Girėno stadionas,0.0
1.5355656,8,14,Palangos m. stadionas,1.0
1.5355728,10,11,LFF stadionas,0.5
1.5370164,12,8,Marijampolės futbolo arenos stadionas,0.0
1.53738,6,5,Dariaus ir Girėno stadionas,0.5
1.5373872,0,11,Klaipėdos m. centrinis stadionas,1.0
1.5374664,10,8,LFF stadionas,0.0
1.53756,14,12,LFF stadionas,0.0
1.5376356,11,6,Dariaus ir Girėno stadionas,0.5
1.5378984,0,8,Klaipėdos m. centrinis stadionas,0.5
1.5379812,5,14,Jonavos m. stadionas,1.0
1.537992,12,10,Marijampolės futbolo arenos stadionas,0.5
1.5382368,10,12,LFF stadionas,1.0
1.5386688,11,5,Dariaus ir Girėno stadionas,0.0
1.538676,0,12,Klaipėdos m. centrinis stadionas,1.0
1.5386832,10,14,LFF stadionas,0.0
1.5387552,6,8,Dariaus ir Girėno stadionas,0.0
1.5389172,0,14,Klaipėdos m. centrinis stadionas,1.0
1.5389172,11,12,LFF Kauno treniruočių centro st.,1.0
1.5397992,14,5,LFF stadionas,0.0
1.5401268,14,10,LFF stadionas,0.5
1.5401268,5,12,Jonavos m. stadionas,1.0
1.5403968,8,11,Palangos m. stadionas,1.0
1.540404,12,6,Marijampolės futbolo arenos stadionas,0.0
1.540404,14,0,LFF stadionas,0.0
1.5407316,10,14,LFF stadionas,1.0
1.5407316,6,12,LFF Kauno treniruočių centro st.,0.5
1.540746,11,0,LFF Kauno treniruočių centro st.,0.0
1.5410088,0,6,Klaipėdos dirbtinės dangos st.,1.0
1.5410088,12,10,Marijampolės futbolo arenos stadionas,0.0
1.541016,14,11,LFF stadionas,0.0
1.54125,10,6,LFF stadionas,0.0
1.54125,11,12,LFF Kauno treniruočių centro st.,1.0
1.541268,14,0,LFF stadionas,0.5
1.5416136,11,10,LFF Kauno treniruočių centro st.,1.0
1.5416136,14,6,LFF stadionas,0.0
1.5416208,12,0,Marijampolės futbolo arenos stadionas,0.0
1.5419412,12,14,Marijampolės futbolo arenos stadionas,1.0
1.5419412,0,10,Klaipėdos dirbtinės dangos st.,1.0
1.5419412,6,11,LFF Kauno treniruočių centro st.,1.0
1.5515388,0,6,Klaipėdos dirbtinės dangos st.,0.0
1.551546,11,9,LFF Kauno treniruočių centro st.,0.0
1.5516324,12,10,Marijampolės futbolo arenos maniežas,0.0
1.5516414,14,8,„Sportima“,0.0
1.5521364,6,8,LFF Kauno treniruočių centro st.,0.0
1.5521436,9,14,„Žemynos“ progimnazijos stadionas,1.0
1.55223,0,12,Klaipėdos dirbtinės dangos st.,1.0
1.5523326,10,11,„Sportima“,0.5
1.5526782,14,10,„Sportima“,0.5
1.5527484,11,0,LFF Kauno treniruočių centro st.,0.0
1.5527556,12,6,Marijampolės futbolo arenos maniežas,0.0
1.5528348,8,9,Klaipėdos dirbtinės dangos st.,0.5
1.5539508,0,14,Klaipėdos dirbtinės dangos st.,1.0
1.5539508,6,9,LFF Kauno treniruočių centro st.,0.0
1.5540516,11,12,LFF Kauno treniruočių centro st.,0.0
1.5542316,10,8,LFF stadionas,0.0
1.5545556,8,0,Klaipėdos dirbtinės dangos st.,0.0
1.55457,11,6,LFF Kauno treniruočių centro st.,1.0
1.5546564,9,10,„Žemynos“ progimnazijos stadionas,1.0
1.5546636,14,12,LFF stadionas,0.0
1.5551604,6,10,LFF Kauno treniruočių centro st.,0.0
1.5551766,11,14,LFF Kauno treniruočių centro st.,0.0
1.555254,0,9,Klaipėdos dirbtinės dangos st.,0.0
1.5552612,12,8,Marijampolės futbolo arenos stadionas,0.0
1.555695,9,12,„Žemynos“ progimnazijos stadionas,1.0
1.5557004,14,6,LFF stadionas,0.0
1.5557652,8,11,Klaipėdos dirbtinės dangos st.,0.0
1.5557724,10,0,LFF stadionas,0.5
1.55637,9,11,„Žemynos“ progimnazijos stadionas,0.5
1.5563772,8,14,Klaipėdos dirbtinės dangos st.,1.0
1.5563844,6,0,LFF Kauno treniruočių centro st.,0.0
1.5563952,10,12,LFF stadionas,1.0
1.5569892,11,10,LFF Kauno treniruočių centro st.,1.0
1.5570684,8,6,Klaipėdos dirbtinės dangos st.,1.0
1.5570756,12,0,Marijampolės futbolo arenos stadionas,0.0
1.5570828,14,9,LFF stadionas,0.0
1.5575796,10,14,LFF stadionas,0.0
1.5575868,6,12,LFF Kauno treniruočių centro st.,1.0
1.5576696,0,11,Klaipėdos m. centrinis stadionas,0.5
1.5576804,9,8,„Aukštaitijos“ stadionas,0.0
1.5581196,14,0,LFF stadionas,0.0
1.5581988,9,6,„Aukštaitijos“ stadionas,0.5
1.5582024,8,10,Palangos m. stadionas,1.0
1.558206,12,11,Marijampolės futbolo arenos stadionas,0.0
1.5584616,0,8,Klaipėdos m. centrinis stadionas,0.0
1.5584688,10,9,LFF stadionas,0.5
1.558548,6,11,„Kauno Žalgirio“ FA stadionas,0.0
1.5585552,12,14,Marijampolės futbolo arenos stadionas,0.0
1.5593292,14,11,LFF stadionas,0.0
1.5594084,8,12,Palangos m. stadionas,1.0
1.5594156,10,6,LFF stadionas,0.0
1.5594984,9,0,„Aukštaitijos“ stadionas,0.0
1.5605352,0,10,Klaipėdos m. centrinis stadionas,1.0
1.5605424,6,14,„Kauno Žalgirio“ FA stadionas,1.0
1.560618,11,8,LFF Kauno treniruočių centro st.,1.0
1.5606252,12,9,Marijampolės futbolo arenos stadionas,0.0
1.5612156,0,6,Klaipėdos m. centrinis stadionas,0.5
1.5612228,11,9,LFF Kauno treniruočių centro st.,1.0
1.56123,12,10,Marijampolės futbolo arenos stadionas,1.0
1.5613164,14,8,LFF stadionas,0.0
1.561824,9,14,„Aukštaitijos“ stadionas,1.0
1.5618312,6,8,„Kauno Žalgirio“ FA stadionas,0.0
1.5618348,12,0,Marijampolės futbolo arenos stadionas,0.0
1.5618384,10,11,LFF stadionas,0.0
1.562184,12,6,Marijampolės futbolo arenos stadionas,0.0
1.5622632,8,9,Palangos m. stadionas,1.0
1.5623532,14,10,LFF stadionas,0.0
1.5624324,11,0,LFF Kauno treniruočių centro st.,1.0
1.5648444,6,9,„Kauno Žalgirio“ FA stadionas,0.5
1.5648516,10,8,LFF stadionas,0.0
1.5648588,12,11,Marijampolės futbolo arenos stadionas,0.0
1.5649452,0,14,Klaipėdos m. centrinis stadionas,1.0
1.5654636,10,0,LFF stadionas,0.5
1.5655356,8,11,Palangos m. stadionas,0.0
1.56555,14,6,LFF stadionas,0.0
1.5656328,9,8,„Aukštaitijos“ stadionas,0.0
1.5660684,6,10,„Kauno Žalgirio“ FA stadionas,0.0
1.5661404,11,14,LFF Kauno treniruočių centro st.,1.0
1.5661476,0,9,Klaipėdos m. centrinis stadionas,1.0
1.5665832,9,10,„Aukštaitijos“ stadionas,0.0
1.566666,11,6,LFF Kauno treniruočių centro st.,1.0
1.566756,8,0,Palangos m. stadionas,1.0
1.5672636,8,14,Palangos m. stadionas,1.0
1.5672708,6,0,„Kauno Žalgirio“ FA stadionas,0.0
1.5673608,9,11,„Aukštaitijos“ stadionas,0.0
1.5684012,0,12,Klaipėdos m. centrinis stadionas,1.0
1.5684012,14,9,LFF stadionas,0.0
1.5684732,8,6,Palangos m. stadionas,1.0
1.5684804,11,10,LFF Kauno treniruočių centro st.,1.0
1.5690708,10,14,LFF stadionas,0.5
1.569078,6,12,„Kauno Žalgirio“ FA stadionas,1.0
1.5690924,0,11,Klaipėdos m. centrinis stadionas,0.0
1.569348,9,12,„Aukštaitijos“ stadionas,1.0
1.5694308,8,10,Palangos m. stadionas,1.0
1.5694344,11,12,LFF Kauno treniruočių centro st.,1.0
1.569438,14,0,LFF stadionas,0.0
1.5696936,9,6,„Aukštaitijos“ stadionas,0.5
1.570041,12,8,Marijampolės futbolo arenos stadionas,0.0
1.5702804,6,14,„Kauno Žalgirio“ FA stadionas,1.0
1.5702876,0,10,Klaipėdos m. centrinis stadionas,0.0
1.5702948,11,8,LFF Kauno treniruočių centro st.,1.0
1.570302,12,9,Marijampolės futbolo arenos stadionas,0.0
1.5708924,8,12,Palangos m. stadionas,1.0
1.5711678,10,12,LFF stadionas,1.0
1.57149,10,6,LFF stadionas,0.5
1.5715044,9,0,„Aukštaitijos“ stadionas,0.5
1.5715116,14,11,LFF stadionas,0.0
1.571598,14,12,LFF stadionas,1.0
1.5720948,10,9,LFF stadionas,0.0
1.5720948,0,8,Klaipėdos m. centrinis stadionas,1.0
1.5720948,12,14,Marijampolės futbolo arenos stadionas,0.0
1.5720948,6,11,„Kauno Žalgirio“ FA stadionas,0.0
1.5724584,12,0,Marijampolės futbolo arenos stadionas,0.0
1.572462,14,9,LFF stadionas,0.0
1.5725484,10,6,LFF stadionas,1.0
1.5728004,9,12,„Aukštaitijos“ stadionas,1.0
1.5728904,6,14,LFF Kauno treniruočių centro st.,1.0
1.572894,10,0,LFF stadionas,0.0
1.573236,0,9,Klaipėdos dirbtinės dangos st.,1.0
1.5732396,14,10,LFF stadionas,1.0
1.5733044,12,6,Marijampolės futbolo arenos stadionas,0.0
1.5744492,14,0,LFF stadionas,0.0
1.574514,6,9,LFF Kauno treniruočių centro st.,0.0
1.574514,10,12,LFF stadionas,0.0
1.5748812,0,6,Klaipėdos dirbtinės dangos st.,1.0
1.5748812,12,14,Marijampolės futbolo arenos stadionas,0.0
1.5748812,9,10,„Aukštaitijos“ stadionas,0.0
1.583523,14,9,„Sportima“,0.0
1.5836004,12,1,Marijampolės futbolo arenos maniežas,0.0
1.5836904,10,6,„Sportima“,1.0
1.5908508,14,10,LFF stadionas,1.0
1.590858,1,9,Gargždų m. stadionas,0.0
1.5910344,12,6,Marijampolės futbolo arenos stadionas,0.0
1.5914484,6,14,„Kauno Žalgirio“ FA stadionas,1.0
1.5914628,9,12,„Aukštaitijos“ stadionas,1.0
1.5915492,10,1,LFF stadionas,1.0
1.5920532,6,9,„Kauno Žalgirio“ FA stadionas,0.0
1.5920676,1,14,Gargždų m. stadionas,1.0
1.592154,10,12,LFF stadionas,1.0
1.5925932,10,9,LFF stadionas,0.5
1.5926724,1,6,Gargždų m. stadionas,0.5
1.5926796,12,14,Marijampolės futbolo arenos stadionas,0.5
1.593018,12,9,Marijampolės futbolo arenos stadionas,0.0
1.5930252,14,6,LFF stadionas,1.0
1.5930288,1,10,Gargždų m. stadionas,0.5
1.5933564,6,12,„Kauno Žalgirio“ FA stadionas,1.0
1.5933636,10,14,LFF stadionas,1.0
1.5933708,9,1,„Aukštaitijos“ stadionas,0.0
1.5937992,14,1,LFF stadionas,0.5
1.5938064,9,6,„Aukštaitijos“ stadionas,1.0
1.5938892,12,10,Marijampolės futbolo arenos stadionas,0.0
1.5944796,6,1,„Kauno Žalgirio“ FA stadionas,0.0
1.5944904,9,10,„Aukštaitijos“ stadionas,0.0
1.5945732,14,12,LFF stadionas,0.0
1.5950772,6,10,„Kauno Žalgirio“ FA stadionas,0.0
1.595178,9,14,„Aukštaitijos“ stadionas,1.0
1.5951852,1,12,Gargždų m. stadionas,1.0
1.5955272,6,9,„Kauno Žalgirio“ FA stadionas,0.0
1.5955308,12,1,Marijampolės futbolo arenos stadionas,0.5
1.5955344,14,10,LFF stadionas,0.0
1.5959592,6,1,„Kauno Žalgirio“ FA stadionas,1.0
1.5959628,9,14,„Aukštaitijos“ stadionas,1.0
1.5959664,10,12,LFF stadionas,1.0
1.5963012,1,10,Gargždų m. stadionas,0.5
1.5963876,12,9,Marijampolės futbolo arenos stadionas,0.0
1.5963948,14,6,LFF stadionas,0.0
1.5968232,14,1,LFF stadionas,0.0
1.5968304,6,12,„Kauno Žalgirio“ FA stadionas,0.0
1.596906,9,10,„Aukštaitijos“ stadionas,0.5
1.5972588,12,14,Marijampolės futbolo arenos stadionas,0.0
1.5974316,10,6,LFF stadionas,1.0
1.5975972,1,9,Gargždų m. stadionas,0.5
1.5979464,9,6,„Aukštaitijos“ stadionas,1.0
1.5979536,10,14,LFF stadionas,0.5
1.6012188,1,6,Gargždų m. stadionas,1.0
1.601226,14,9,LFF stadionas,0.0
1.6012332,12,10,Marijampolės futbolo arenos stadionas,0.0
1.6016652,10,1,LFF stadionas,0.0
1.6017372,6,14,„Kauno Žalgirio“ FA stadionas,1.0
1.6017444,9,12,„Aukštaitijos“ stadionas,0.5
1.6023492,1,12,Gargždų m. stadionas,1.0
1.6032168,1,14,Gargždų m. stadionas,1.0
1.603224,12,6,Marijampolės futbolo arenos stadionas,0.5
1.6039098,10,9,LFF stadionas,0.5
1.6041636,9,1,„Aukštaitijos“ stadionas,0.5
1.6041636,6,10,LFF Kauno treniruočių centro st.,0.0
1.605366,14,12,LFF stadionas,0.0
1.6149672,6,1,Marijampolės futbolo arenos maniežas,0.0
1.6150356,3,4,„Ateities“ progimnazijos stadionas,0.0
1.6150428,2,7,Marijampolės futbolo arenos maniežas,1.0
1.6151292,12,9,Marijampolės futbolo arenos maniežas,1.0
1.615572,12,4,Marijampolės futbolo arenos maniežas,0.0
1.6156476,14,2,„Sportima“,0.5
1.6157268,6,7,Marijampolės futbolo arenos maniežas,0.0
1.615734,9,3,„Žemynos“ progimnazijos stadionas,0.0
1.615914,14,10,„Sportima“,0.0
1.6161768,12,7,Marijampolės futbolo arenos maniežas,0.0
1.6162452,6,10,Marijampolės futbolo arenos maniežas,0.0
1.6162524,9,1,„Žemynos“ progimnazijos stadionas,0.0
1.6162668,14,4,„Sportima“,0.0
1.6163388,2,3,Marijampolės futbolo arenos maniežas,0.5
1.6173828,4,7,LFF Kauno treniruočių centro st.,0.0
1.6173864,10,2,LFF stadionas,0.5
1.6173936,1,12,Gargždų m. stadionas,1.0
1.6174656,3,6,„Ateities“ progimnazijos stadionas,0.5
1.6178184,12,6,Marijampolės futbolo arenos maniežas,0.0
1.6178256,14,1,LFF stadionas,0.0
1.6179012,3,7,„Ateities“ progimnazijos stadionas,0.0
1.6179048,4,10,LFF Kauno treniruočių centro st.,0.0
1.6179912,2,9,Marijampolės futbolo arenos maniežas,1.0
1.6181532,6,14,Marijampolės futbolo arenos maniežas,1.0
1.6182504,12,3,Marijampolės futbolo arenos maniežas,0.0
1.6182576,10,7,LFF stadionas,0.0
1.6183332,9,4,„Žemynos“ progimnazijos stadionas,0.5
1.6183404,1,2,Gargždų m. stadionas,0.0
1.6185924,3,10,„Ateities“ progimnazijos stadionas,1.0
1.618596,14,12,LFF stadionas,1.0
1.6186032,2,6,Marijampolės futbolo arenos maniežas,1.0
1.6186644,9,7,„Žemynos“ progimnazijos stadionas,0.0
1.6186716,4,1,LFF Kauno treniruočių centro st.,1.0
1.618938,14,3,LFF stadionas,0.5
1.6189452,12,2,Marijampolės futbolo arenos maniežas,0.0
1.6189524,10,9,LFF stadionas,0.0
1.619028,4,6,LFF Kauno treniruočių centro st.,1.0
1.6190352,1,7,Gargždų m. stadionas,0.0
1.6192008,10,14,LFF stadionas,0.5
1.6192836,4,3,LFF Kauno treniruočių centro st.,0.5
1.6192908,7,2,Kėdainių centrinis stadionas,1.0
1.6193556,1,6,Gargždų m. stadionas,1.0
1.6193628,9,12,„Žemynos“ progimnazijos stadionas,0.5
1.6197156,3,9,„Ateities“ progimnazijos stadionas,1.0
1.6197192,7,6,Kėdainių centrinis stadionas,1.0
1.6197228,1,10,Gargždų m. stadionas,1.0
1.619802,4,12,LFF Kauno treniruočių centro st.,1.0
1.6198056,14,2,LFF stadionas,0.0
1.6200612,3,1,„Ateities“ progimnazijos stadionas,0.5
1.6200648,9,6,„Žemynos“ progimnazijos stadionas,0.0
1.6201512,4,2,LFF Kauno treniruočių centro st.,1.0
1.6201584,7,14,Kėdainių centrinis stadionas,1.0
1.6202376,12,10,Marijampolės futbolo arenos maniežas,0.0
1.6204104,1,9,Gargždų m. stadionas,0.5
1.6204788,4,14,LFF Kauno treniruočių centro st.,0.0
1.620486,3,2,„Ateities“ progimnazijos stadionas,1.0
1.6205652,10,6,LFF stadionas,1.0
1.6205868,7,12,Kėdainių centrinis stadionas,1.0
1.620756,9,14,„Aukštaitijos“ stadionas,1.0
1.6210152,14,9,LFF stadionas,0.0
1.6210188,7,4,Kėdainių centrinis stadionas,1.0
1.6210224,2,10,Alytaus m. stadionas,0.5
1.6210836,6,3,„Kauno Žalgirio“ FA stadionas,0.0
1.6211772,12,1,Marijampolės futbolo arenos stadionas,0.0
1.6214472,10,4,LFF stadionas,1.0
1.6214508,7,3,Kėdainių centrinis stadionas,0.0
1.6214544,9,2,„Aukštaitijos“ stadionas,0.0
1.6215336,6,12,„Kauno Žalgirio“ FA stadionas,0.0
1.6215408,1,14,Gargždų m. stadionas,1.0
1.6221384,3,12,Telšių m. centrinis stadionas,0.0
1.6221456,7,10,Kėdainių centrinis stadionas,0.5
1.6222248,14,6,LFF stadionas,0.5
1.6222284,4,9,LFF Kauno treniruočių centro st.,0.5
1.6223022,2,1,Alytaus m. stadionas,0.0
1.6234344,12,14,Marijampolės futbolo arenos stadionas,1.0
1.6234416,1,4,Gargždų m. stadionas,1.0
1.62351,6,2,„Kauno Žalgirio“ FA stadionas,0.0
1.6235172,7,9,Kėdainių centrinis stadionas,1.0
1.6235244,10,3,LFF stadionas,0.5
1.62378,10,1,LFF stadionas,0.0
1.6240392,3,14,Telšių m. centrinis stadionas,1.0
1.6240464,7,1,Kėdainių centrinis stadionas,1.0
1.6241292,2,12,Alytaus m. stadionas,0.5
1.6242084,9,10,„Aukštaitijos“ stadionas,0.5
1.6242156,6,4,„Kauno Žalgirio“ FA stadionas,0.5
1.624644,10,12,LFF stadionas,0.5
1.6247196,2,4,Alytaus m. stadionas,1.0
1.6247268,6,9,„Kauno Žalgirio“ FA stadionas,1.0
1.624806,14,7,LFF stadionas,0.0
1.6248132,1,3,Gargždų m. stadionas,0.0
1.625166,2,9,Alytaus m. stadionas,1.0
1.6252488,10,14,LFF stadionas,0.5
1.625256,1,12,Gargždų m. stadionas,1.0
1.625256,7,6,Kėdainių centrinis stadionas,0.5
1.6253316,3,4,Telšių m. centrinis stadionas,0.0
1.6258536,2,7,Alytaus m. stadionas,0.5
1.6259436,3,10,Telšių m. centrinis stadionas,0.0
1.62603,4,1,LFF Kauno treniruočių centro st.,0.0
1.6264584,3,1,Telšių m. centrinis stadionas,0.5
1.6265484,4,7,LFF Kauno treniruočių centro st.,0.0
1.6267248,2,10,Alytaus m. stadionas,0.0
1.6270632,10,3,LFF stadionas,0.0
1.6270704,1,4,Gargždų m. stadionas,1.0
1.6272396,7,2,Kėdainių centrinis stadionas,1.0
1.627668,1,3,Gargždų m. stadionas,0.0
1.6277508,7,4,Kėdainių centrinis stadionas,1.0
1.6278372,10,2,LFF stadionas,0.0
1.6279308,6,12,„Kauno Žalgirio“ FA stadionas,0.5
1.6282728,3,7,Telšių m. centrinis stadionas,0.0
1.62828,6,10,„Kauno Žalgirio“ FA stadionas,0.5
1.6283556,4,2,LFF Kauno treniruočių centro st.,0.5
1.6283628,12,9,Marijampolės futbolo arenos stadionas,0.0
1.6285356,14,1,LFF stadionas,0.0
1.6287084,12,6,Marijampolės futbolo arenos stadionas,0.0
1.6288776,9,1,„Aukštaitijos“ stadionas,0.0
1.6290324,10,12,LFF stadionas,1.0
1.6290468,6,4,„Kauno Žalgirio“ FA stadionas,0.0
1.6294824,2,6,Alytaus m. stadionas,1.0
1.629558,3,9,Telšių m. centrinis stadionas,0.5
1.6295652,1,10,Gargždų m. stadionas,0.5
1.6296516,4,14,LFF Kauno treniruočių centro st.,0.5
1.6296588,12,7,Marijampolės futbolo arenos stadionas,0.0
1.6299144,9,6,„Aukštaitijos“ stadionas,0.0
1.6300872,12,4,Marijampolės futbolo arenos stadionas,1.0
1.63017,7,1,Kėdainių centrinis stadionas,1.0
1.6302564,9,10,„Aukštaitijos“ stadionas,1.0
1.6302636,2,14,Alytaus m. stadionas,1.0
1.6312968,10,4,LFF stadionas,0.5
1.6313724,3,12,Telšių m. centrinis stadionas,1.0
1.6313868,7,9,Kėdainių centrinis stadionas,1.0
1.631466,2,1,Alytaus m. stadionas,0.0
1.6314732,6,14,„Kauno Žalgirio“ FA stadionas,1.0
1.6317324,9,14,„Aukštaitijos“ stadionas,0.5
1.6319016,2,12,Alytaus m. stadionas,1.0
1.6319772,3,14,Telšių m. centrinis stadionas,0.0
1.6319844,1,6,Gargždų m. stadionas,1.0
1.6320564,4,9,LFF Kauno treniruočių centro st.,0.0
1.6320636,10,7,LFF stadionas,0.0
1.6325064,9,2,„Aukštaitijos“ stadionas,0.5
1.6325748,6,7,„Kauno Žalgirio“ FA stadionas,0.0
1.6325964,14,10,LFF stadionas,0.5
1.6326612,4,3,LFF Kauno treniruočių centro st.,0.5
1.6326684,12,1,Marijampolės futbolo arenos stadionas,0.0
1.6331112,10,6,LFF stadionas,0.5
1.6331796,7,3,Kėdainių centrinis stadionas,0.5
1.6331868,2,4,Alytaus m. stadionas,0.5
1.633266,9,12,„Aukštaitijos“ stadionas,0.5
1.6332732,1,14,Gargždų m. stadionas,1.0
1.634238,14,7,LFF stadionas,0.0
1.6343208,12,10,Marijampolės futbolo arenos stadionas,0.5
1.6343892,4,6,LFF Kauno treniruočių centro st.,1.0
1.6343964,3,2,Telšių m. centrinis stadionas,0.5
1.6344828,1,9,Gargždų m. stadionas,0.0
1.6345764,7,14,Kėdainių centrinis stadionas,1.0
1.6347528,6,3,LFF Kauno treniruočių centro st.,1.0
1.6350948,2,3,Alytaus m. stadionas,0.0
1.6353576,6,9,LFF Kauno treniruočių centro st.,0.5
1.6353648,14,12,LFF stadionas,0.0
1.6355304,10,1,LFF stadionas,0.5
1.6355988,7,12,Kėdainių centrinis stadionas,1.0
1.6356204,14,4,LFF stadionas,0.0
1.6356852,6,2,LFF Kauno treniruočių centro st.,0.0
1.6356924,9,3,„Aukštaitijos“ stadionas,0.5
1.6359624,12,14,Marijampolės futbolo arenos stadionas,0.5
1.6361352,10,9,LFF stadionas,1.0
1.6362036,3,6,Telšių m. centrinis stadionas,1.0
1.63629,4,12,LFF Kauno treniruočių centro st.,0.0
1.6362972,2,14,Alytaus m. stadionas,1.0
1.6373448,14,6,LFF stadionas,0.5
1.637352,1,2,Gargždų m. stadionas,0.5
1.6374132,4,10,LFF Kauno treniruočių centro st.,0.5
1.6374276,12,3,Marijampolės futbolo arenos maniežas,0.0
1.6374996,9,7,„Žemynos“ progimnazijos stadionas,0.0
1.6377768,1,7,Gargždų m. stadionas,0.0
1.6377804,14,9,LFF stadionas,0.0
1.6381116,14,3,LFF stadionas,0.0
1.6381116,12,2,Marijampolės futbolo arenos maniežas,1.0
1.6381116,7,10,Kėdainių centrinis stadionas,1.0
1.6381116,6,1,LFF Kauno treniruočių centro st.,1.0
1.6381116,9,4,„Aukštaitijos“ stadionas,0.5
1.6464222,14,5,„Sportima“,0.0
1.6464852,4,6,LFF Kauno treniruočių centro st.,0.0
1.6465788,13,12,Šiaulių „Gytarių“ stadionas,0.5
1.6465878,10,9,„Sportima“,0.5
1.6470036,9,6,„Žemynos“ progimnazijos stadionas,0.0
1.6470108,5,4,Jonavos dirbtinės dangos st.,1.0
1.6470972,3,10,„Ateities“ progimnazijos stadionas,1.0
1.6471044,12,1,Marijampolės futbolo arenos maniežas,0.0
1.6471926,14,13,„Sportima“,0.5
1.6473672,4,9,LFF Kauno treniruočių centro st.,1.0
1.6473744,6,3,Prezidento V. Adamkaus VDU sporto centras,0.0
1.6474536,13,5,Šiaulių „Gytarių“ stadionas,0.0
1.6474572,1,14,Gargždų m. stadionas,1.0
1.647459,10,12,„Sportima“,0.0
1.647702,5,1,Jonavos dirbtinės dangos st.,1.0
1.6477092,12,6,Marijampolės futbolo arenos maniežas,0.5
1.6477812,3,9,„Ateities“ progimnazijos stadionas,1.0
1.6477884,4,13,LFF Kauno treniruočių centro st.,0.0
1.6477974,14,10,„Sportima“,0.0
1.6483068,1,3,Gargždų m. stadionas,0.5
1.6488414,10,5,„Sportima“,0.0
1.6489044,9,12,„Žemynos“ progimnazijos stadionas,0.0
1.6489116,3,4,„Ateities“ progimnazijos stadionas,0.5
1.6489188,6,14,Prezidento V. Adamkaus VDU sporto centras,0.5
1.649007,1,13,Gargždų m. stadionas,0.5
1.6491816,5,6,Jonavos dirbtinės dangos st.,1.0
1.6491852,14,9,LFF stadionas,0.5
1.6491888,12,3,Marijampolės futbolo arenos maniežas,0.5
1.649268,4,1,LFF Kauno treniruočių centro st.,0.0
1.6492752,13,10,Šiaulių „Gytarių“ stadionas,0.0
1.6495092,9,5,„Žemynos“ progimnazijos stadionas,0.0
1.6495956,6,13,Prezidento V. Adamkaus VDU sporto centras,0.5
1.6496028,10,1,LFF stadionas,0.0
1.6496118,12,4,Marijampolės futbolo arenos maniežas,1.0
1.6498602,3,14,„Ateities“ progimnazijos stadionas,1.0
1.6500456,1,6,Gargždų m. stadionas,0.0
1.650114,4,10,LFF Kauno treniruočių centro st.,0.5
1.6501212,13,9,Šiaulių „Gytarių“ stadionas,1.0
1.6501284,5,3,Jonavos dirbtinės dangos st.,1.0
1.6502166,14,12,LFF stadionas,0.5
1.6506504,6,10,Prezidento V. Adamkaus VDU sporto centras,1.0
1.6507188,9,1,„Žemynos“ progimnazijos stadionas,0.0
1.650726,3,13,„Ateities“ progimnazijos stadionas,0.5
1.6507332,4,14,LFF Kauno treniruočių centro st.,0.5
1.6508214,12,5,Marijampolės futbolo arenos maniežas,0.0
1.650996,3,1,„Ateities“ progimnazijos stadionas,0.5
1.6510032,6,4,Prezidento V. Adamkaus VDU sporto centras,1.0
1.6510824,5,14,Jonavos dirbtinės dangos st.,1.0
1.6510824,9,10,„Žemynos“ progimnazijos stadionas,0.0
1.6510896,12,13,Marijampolės futbolo arenos maniežas,0.0
1.6513236,4,5,LFF Kauno treniruočių centro st.,0.0
1.651338,6,9,Prezidento V. Adamkaus VDU sporto centras,0.0
1.6513452,13,14,Šiaulių sav. stadionas,1.0
1.6514172,1,12,Gargždų m. stadionas,1.0
1.6514262,10,3,LFF stadionas,0.0
1.6516008,5,13,Jonavos dirbtinės dangos st.,1.0
1.6516008,9,4,„Žemynos“ progimnazijos stadionas,0.5
1.6516872,3,6,„Ateities“ progimnazijos stadionas,1.0
1.6516908,12,10,Marijampolės futbolo arenos stadionas,0.5
1.6516944,14,1,LFF stadionas,0.0
1.6525332,6,12,Prezidento V. Adamkaus VDU sporto centras,1.0
1.6525404,10,14,LFF stadionas,1.0
1.6525476,1,5,Gargždų m. stadionas,0.5
1.6526268,9,3,„Aukštaitijos“ stadionas,0.0
1.6526358,13,4,Šiaulių sav. stadionas,0.5
1.6531452,4,3,LFF Kauno treniruočių centro st.,0.0
1.6531596,12,9,Marijampolės futbolo arenos stadionas,0.0
1.6532316,13,1,Šiaulių sav. stadionas,0.5
1.6532406,14,6,LFF stadionas,1.0
1.6538454,5,10,Jonavos m. stadionas,1.0
1.6554888,1,4,Gargždų m. stadionas,0.0
1.6555716,3,12,Telšių m. centrinis stadionas,0.5
1.6555788,10,13,LFF stadionas,0.5
1.6556508,6,5,„Kauno Žalgirio“ FA stadionas,0.0
1.6556613,9,14,„Aukštaitijos“ stadionas,1.0
1.6558344,4,12,LFF Kauno treniruočių centro st.,0.5
1.6558416,1,10,Gargždų m. stadionas,1.0
1.6559208,5,9,Jonavos m. stadionas,1.0
1.6559244,13,6,Šiaulių sav. stadionas,1.0
1.655928,14,3,LFF stadionas,0.0
1.6561764,9,13,„Aukštaitijos“ stadionas,1.0
1.6561836,10,4,LFF stadionas,1.0
1.6562556,3,5,Telšių m. centrinis stadionas,0.0
1.6562661,12,14,Marijampolės futbolo arenos stadionas,1.0
1.6562736,6,1,„Kauno Žalgirio“ FA stadionas,0.5
1.656702,14,4,LFF stadionas,0.0
1.6567776,5,12,Jonavos m. stadionas,1.0
1.6567848,1,9,Gargždų m. stadionas,1.0
1.656792,10,6,LFF stadionas,0.5
1.6568709,13,3,Šiaulių sav. stadionas,0.0
1.657386,4,1,LFF Kauno treniruočių centro st.,0.0
1.6573932,12,13,Marijampolės futbolo arenos stadionas,0.0
1.6574757,3,10,Telšių m. centrinis stadionas,1.0
1.657908,13,10,Šiaulių sav. stadionas,0.0
1.6579944,4,5,LFF Kauno treniruočių centro st.,0.0
1.6580805,3,1,Telšių m. centrinis stadionas,1.0
1.6585128,10,3,LFF stadionas,0.0
1.6585956,9,6,„Aukštaitijos“ stadionas,0.0
1.6586028,5,13,Jonavos m. stadionas,1.0
1.6586853,1,4,Gargždų m. stadionas,0.5
1.6591176,1,3,Gargždų m. stadionas,0.5
1.659204,10,13,LFF stadionas,0.0
1.6592901,5,4,Jonavos m. stadionas,1.0
1.6594632,6,12,„Kauno Žalgirio“ FA stadionas,0.5
1.6597224,13,4,Šiaulių sav. stadionas,0.5
1.659798,3,5,Telšių m. centrinis stadionas,0.5
1.6598052,14,1,LFF stadionas,0.0
1.6598844,6,10,„Kauno Žalgirio“ FA stadionas,0.0
1.6598949,12,9,Marijampolės futbolo arenos stadionas,0.0
1.6603272,4,3,LFF Kauno treniruočių centro st.,0.0
1.66041,5,6,Jonavos m. stadionas,1.0
1.6604172,9,13,„Aukštaitijos“ stadionas,1.0
1.6604997,10,14,LFF stadionas,1.0
1.6605072,1,12,Gargždų m. stadionas,0.5
1.6610148,4,6,LFF Kauno treniruočių centro st.,0.5
1.661022,13,3,Šiaulių sav. stadionas,0.5
1.6611045,9,1,„Aukštaitijos“ stadionas,0.0
1.6611084,14,5,LFF stadionas,0.0
1.661112,12,10,Marijampolės futbolo arenos stadionas,0.0
1.6615368,1,10,Gargždų m. stadionas,1.0
1.6616196,5,12,Jonavos m. stadionas,1.0
1.6616268,9,3,„Aukštaitijos“ stadionas,0.0
1.6617093,13,6,Šiaulių sav. stadionas,1.0
1.6617132,4,14,LFF Kauno treniruočių centro st.,1.0
1.6621416,4,9,LFF Kauno treniruočių centro st.,0.5
1.6622172,3,14,Telšių m. centrinis stadionas,0.5
1.6622244,10,5,LFF stadionas,0.0
1.6623141,1,6,Gargždų m. stadionas,1.0
1.6624944,12,4,Marijampolės futbolo arenos stadionas,0.0
1.6625736,6,3,„Kauno Žalgirio“ FA stadionas,0.0
1.6625772,5,1,Jonavos m. stadionas,1.0
1.6625808,9,10,„Aukštaitijos“ stadionas,1.0
1.662822,3,12,Telšių m. centrinis stadionas,0.0
1.6628292,5,9,Jonavos m. stadionas,0.5
1.6629084,6,14,„Kauno Žalgirio“ FA stadionas,1.0
1.6629189,10,4,LFF stadionas,0.5
1.6629228,13,1,Šiaulių sav. stadionas,0.5
1.6633512,6,5,„Kauno Žalgirio“ FA stadionas,0.0
1.6634268,3,4,Telšių m. centrinis stadionas,1.0
1.6634412,13,9,Šiaulių sav. stadionas,0.0
1.6635237,12,1,Marijampolės futbolo arenos stadionas,0.0
1.6635276,14,10,LFF stadionas,0.0
1.6643052,14,12,LFF stadionas,0.0
1.6646364,5,3,Jonavos m. stadionas,1.0
1.6646436,4,13,LFF Kauno treniruočių centro st.,0.0
1.6647333,9,12,„Aukštaitijos“ stadionas,0.0
1.665234,3,13,Telšių m. centrinis stadionas,0.0
1.6653204,6,4,„Kauno Žalgirio“ FA stadionas,0.5
1.6653276,5,14,Jonavos m. stadionas,1.0
1.6653381,10,12,LFF stadionas,1.0
1.6653456,1,9,Gargždų m. stadionas,0.5
1.6658568,13,5,Šiaulių sav. stadionas,0.0
1.6662024,12,6,Marijampolės futbolo arenos stadionas,1.0
1.6662096,9,14,„Aukštaitijos“ stadionas,1.0
1.6663752,10,1,LFF stadionas,0.5
1.66653,3,9,Telšių m. centrinis stadionas,0.5
1.6665372,12,5,Marijampolės futbolo arenos stadionas,0.0
1.6665372,6,13,Dariaus ir Girėno stadionas,0.0
1.6665477,14,4,LFF stadionas,0.0
1.667052,6,1,Dariaus ir Girėno stadionas,0.0
1.6670628,5,10,Jonavos m. stadionas,1.0
1.6670628,13,12,Šiaulių sav. stadionas,0.0
1.667142,14,3,LFF stadionas,0.0
1.6671525,9,4,„Aukštaitijos“ stadionas,0.0
1.6676568,6,9,Dariaus ir Girėno stadionas,0.5
1.6677573,12,14,Marijampolės futbolo arenos stadionas,1.0
1.6679358,10,6,„Sportima“,0.0
1.6680204,14,9,LFF stadionas,1.0
1.6681896,1,5,Gargždų m. stadionas,0.0
1.6683444,3,6,Telšių m. centrinis stadionas,1.0
1.6683444,4,12,LFF Kauno treniruočių centro st.,0.0
1.6683621,13,14,Šiaulių sav. stadionas,0.0
1.6683678,10,9,„Sportima“,0.0
1.668708,1,14,Gargždų m. stadionas,1.0
1.6689669,14,13,LFF stadionas,0.0
1.66923,12,3,Marijampolės futbolo arenos maniežas,0.5
1.66923,9,5,„Aukštaitijos“ stadionas,0.0
1.66923,4,10,LFF Kauno treniruočių centro st.,0.5
1.66923,1,13,Gargždų m. stadionas,1.0
1.66923,14,6,LFF stadionas,1.0
1.6778718,10,13,„Sportima“,1.0
1.6779492,12,6,Marijampolės futbolo arenos maniežas,1.0
1.67796,4,2,Marijampolės futbolo arenos maniežas,0.0
1.6780284,1,9,Gargždų m. stadionas,1.0
1.6780389,14,3,„Sportima“,1.0
1.6784766,6,13,Marijampolės futbolo arenos maniežas,0.5
1.6785396,12,4,Marijampolės futbolo arenos maniežas,0.0
1.6785558,14,1,„Sportima“,0.0
1.6786332,3,2,„Ateities“ progimnazijos stadionas,1.0
1.6786437,10,9,„Sportima“,1.0
1.6788168,13,4,Šiaulių „Gytarių“ stadionas,0.0
1.678824,6,14,Marijampolės futbolo arenos maniežas,0.5
1.6789032,1,3,Gargždų m. stadionas,0.0
1.6789068,12,9,Marijampolės futbolo arenos maniežas,1.0
1.6789086,10,2,„Sportima“,0.5
1.6791516,4,3,LFF Kauno treniruočių centro st.,0.0
1.6791588,2,1,Marijampolės futbolo arenos maniežas,0.0
1.6792308,9,6,„Žemynos“ progimnazijos stadionas,0.0
1.679238,13,12,Šiaulių „Gytarių“ stadionas,0.0
1.6792485,14,10,„Sportima“,0.0
1.6802856,1,4,Gargždų m. stadionas,1.0
1.680354,9,13,„Žemynos“ progimnazijos stadionas,0.0
1.6803612,3,10,„Ateities“ progimnazijos stadionas,0.5
1.6803756,14,12,„Sportima“,0.0
1.6804581,2,6,Marijampolės futbolo arenos maniežas,0.5
1.6806312,4,9,LFF Kauno treniruočių centro st.,1.0
1.6806312,13,14,Šiaulių „Gytarių“ stadionas,0.0
1.6807176,6,3,Prezidento V. Adamkaus VDU sporto centras,0.0
1.6807212,10,1,LFF stadionas,0.5
1.6807248,12,2,Marijampolės futbolo arenos maniežas,0.0
1.680966,9,14,„Žemynos“ progimnazijos stadionas,0.5
1.6809732,2,13,Marijampolės futbolo arenos maniežas,0.5
1.6810452,4,10,LFF Kauno treniruočių centro st.,1.0
1.6810524,3,12,„Ateities“ progimnazijos stadionas,1.0
1.6810629,1,6,Gargždų m. stadionas,1.0
1.6814952,12,1,Marijampolės futbolo arenos maniežas,1.0
1.6815636,9,2,„Žemynos“ progimnazijos stadionas,0.5
1.6815708,13,3,Šiaulių „Gytarių“ stadionas,0.0
1.681578,6,10,Prezidento V. Adamkaus VDU sporto centras,0.0
1.6816677,14,4,LFF stadionas,0.0
1.6818408,1,13,Gargždų m. stadionas,1.0
1.681848,10,12,LFF stadionas,0.0
1.6819272,3,9,„Ateities“ progimnazijos stadionas,1.0
1.6819308,4,6,LFF Kauno treniruočių centro st.,0.0
1.6819344,2,14,Alytaus m. stadionas,1.0
1.6821828,13,10,Šiaulių „Gytarių“ stadionas,0.5
1.6822548,3,14,„Ateities“ progimnazijos stadionas,1.0
1.682262,2,4,Alytaus m. stadionas,0.0
1.6822725,6,12,Dariaus ir Girėno stadionas,0.0
1.6823592,9,1,„Žemynos“ progimnazijos stadionas,0.0
1.6827048,4,12,LFF Kauno treniruočių centro st.,0.0
1.6827732,9,10,„Žemynos“ progimnazijos stadionas,0.0
1.6827876,2,3,Alytaus m. stadionas,0.5
1.6827912,13,6,Šiaulių „Gytarių“ stadionas,0.0
1.6828773,1,14,Gargždų m. stadionas,1.0
1.6830504,3,4,„Ateities“ progimnazijos stadionas,0.0
1.6830576,12,13,Marijampolės futbolo arenos stadionas,1.0
1.6831368,1,2,Gargždų m. stadionas,0.0
1.683144,10,14,LFF stadionas,1.0
1.6832268,6,9,Dariaus ir Girėno stadionas,1.0
1.6839144,4,13,LFF Kauno treniruočių centro st.,1.0
1.68399,2,10,Alytaus m. stadionas,0.0
1.6839972,9,12,„Aukštaitijos“ stadionas,0.5
1.6840764,3,1,„Ateities“ progimnazijos stadionas,1.0
1.6840869,14,6,LFF stadionas,0.0
1.6845192,4,1,LFF Kauno treniruočių centro st.,0.0
1.6845948,12,14,Marijampolės futbolo arenos stadionas,0.0
1.684602,6,2,Dariaus ir Girėno stadionas,0.0
1.6846848,10,3,LFF stadionas,0.5
1.6846917,13,9,Šiaulių sav. stadionas,0.5
1.685124,12,3,Marijampolės futbolo arenos stadionas,0.0
1.6852068,13,2,Šiaulių sav. stadionas,0.0
1.685214,10,4,LFF stadionas,1.0
1.6852896,6,1,Dariaus ir Girėno stadionas,0.5
1.6852965,14,9,LFF stadionas,0.0
