0,1,2,3,4,5
"2023-05-28, 17:55", ,Žalgiris,2 : 1,Panevėžys,LFF stadionas
"2023-05-28, 16:00", ,K. Žalgiris,0 : 0,Banga,Dariaus ir Girėno stadionas
"2023-05-27, 19:00", ,Riteriai,0 : 4,Hegelmann,LFF stadionas
"2023-05-27, 17:00", ,Šiauliai,2 : 0,Dainava,Šiaulių sav. stadionas
"2023-05-26, 18:00", ,Sūduva,1 : 0,Džiugas,Marijampolės futbolo arenos stadionas
"2023-05-21, 17:55", ,Šiauliai,0 : 0,Panevėžys,Šiaulių sav. stadionas
"2023-05-21, 16:00", ,Riteriai,1 : 1,Džiugas,LFF stadionas
"2023-05-20, 17:00", ,K. Žalgiris,1 : 0,Dainava,Dariaus ir Girėno stadionas
"2023-05-20, 15:00", ,Sūduva,2 : 1,Žalgiris,Marijampolės futbolo arenos stadionas
"2023-05-19, 18:00", ,Hegelmann,5 : 0,Banga,LFF Kauno treniruočių centro st.
"2023-05-14, 17:55", ,Žalgiris,2 : 1,K. Žalgiris,LFF stadionas
"2023-05-14, 15:00", ,Džiugas,1 : 2,Banga,„Ateities“ progimnazijos stadionas
"2023-05-13, 17:00", ,Panevėžys,0 : 0,Sūduva,„Aukštaitijos“ stadionas
"2023-05-13, 15:00", ,Dainava,5 : 0,Riteriai,Alytaus m. stadionas
"2023-05-12, 18:00", ,Hegelmann,2 : 3,Šiauliai,LFF Kauno treniruočių centro st.
"2023-05-04, 19:00", ,K. Žalgiris,0 : 1,Panevėžys,Dariaus ir Girėno stadionas
"2023-05-03, 20:00", ,Riteriai,0 : 2,Žalgiris,LFF stadionas
"2023-05-03, 18:00", ,Banga,2 : 1,Dainava,Gargždų m. stadionas
"2023-05-02, 20:00", ,Sūduva,0 : 2,Šiauliai,Marijampolės futbolo arenos stadionas
"2023-05-02, 18:00", ,Džiugas,2 : 0,Hegelmann,„Ateities“ progimnazijos stadionas
"2023-04-30, 17:55", ,Banga,0 : 2,Žalgiris,Gargždų m. stadionas
"2023-04-29, 18:00", ,Šiauliai,1 : 0,K. Žalgiris,Šiaulių „Gytarių“ stadionas
"2023-04-29, 17:00", ,Dainava,2 : 2,Džiugas,Alytaus m. stadionas
"2023-04-29, 13:00", ,Panevėžys,3 : 1,Riteriai,„Žemynos“ progimnazijos stadionas
"2023-04-28, 18:00", ,Hegelmann,6 : 0,Sūduva,LFF Kauno treniruočių centro st.
"2023-04-24, 18:00", ,Panevėžys,2 : 0,Banga,„Žemynos“ progimnazijos stadionas
"2023-04-23, 17:55", ,K. Žalgiris,3 : 0,Sūduva,Dariaus ir Girėno stadionas
"2023-04-23, 15:00", ,Dainava,1 : 0,Hegelmann,Alytaus m. stadionas
"2023-04-23, 13:00", ,Džiugas,0 : 2,Žalgiris,„Ateities“ progimnazijos stadionas
"2023-04-22, 17:00", ,Šiauliai,1 : 1,Riteriai,Šiaulių „Gytarių“ stadionas
"2023-04-19, 20:00", ,Dainava,0 : 2,Žalgiris,Alytaus m. stadionas
"2023-04-19, 19:00", ,Hegelmann,3 : 2,K. Žalgiris,LFF Kauno treniruočių centro st.
"2023-04-19, 18:00", ,Džiugas,0 : 3,Panevėžys,„Ateities“ progimnazijos stadionas
"2023-04-18, 20:00", ,Riteriai,1 : 0,Sūduva,LFF stadionas
"2023-04-18, 18:00", ,Banga,0 : 1,Šiauliai,Gargždų m. stadionas
"2023-04-16, 17:55", ,Žalgiris,1 : 0,Hegelmann,LFF stadionas
"2023-04-15, 17:00", ,K. Žalgiris,3 : 1,Riteriai,Prezidento V. Adamkaus VDU sporto centras
"2023-04-15, 15:00", ,Šiauliai,2 : 0,Džiugas,Šiaulių „Gytarių“ stadionas
"2023-04-15, 13:00", ,Panevėžys,0 : 0,Dainava,„Žemynos“ progimnazijos stadionas
"2023-04-14, 18:00", ,Sūduva,0 : 2,Banga,Marijampolės futbolo arenos maniežas
"2023-04-09, 17:55", ,Banga,0 : 2,K. Žalgiris,Gargždų m. stadionas
"2023-04-09, 15:00", ,Džiugas,0 : 2,Sūduva,„Ateities“ progimnazijos stadionas
"2023-04-09, 13:00", ,Hegelmann,0 : 1,Riteriai,LFF Kauno treniruočių centro st.
"2023-04-08, 17:00", ,Dainava,0 : 0,Šiauliai,Marijampolės futbolo arenos maniežas
"2023-04-08, 15:00", ,Panevėžys,0 : 0,Žalgiris,„Žemynos“ progimnazijos stadionas
"2023-04-05, 20:00", ,Sūduva,2 : 0,Dainava,Marijampolės futbolo arenos maniežas
"2023-04-05, 19:00", ,Riteriai,0 : 0,Banga,LFF stadionas
"2023-04-05, 18:00", ,K. Žalgiris,3 : 1,Džiugas,Prezidento V. Adamkaus VDU sporto centras
"2023-04-04, 18:00", ,Šiauliai,1 : 0,Žalgiris,Šiaulių „Gytarių“ stadionas
"2023-04-04, 18:00", ,Hegelmann,2 : 4,Panevėžys,LFF Kauno treniruočių centro st.
"2023-04-02, 17:55", ,Dainava,0 : 0,K. Žalgiris,Marijampolės futbolo arenos maniežas
"2023-04-01, 19:00", ,Žalgiris,4 : 0,Sūduva,„Sportima“
"2023-04-01, 15:00", ,Džiugas,1 : 1,Riteriai,„Ateities“ progimnazijos stadionas
"2023-04-01, 13:00", ,Panevėžys,3 : 1,Šiauliai,„Žemynos“ progimnazijos stadionas
"2023-03-31, 18:00", ,Banga,0 : 5,Hegelmann,Gargždų m. stadionas
"2023-03-19, 17:55", ,Žalgiris,1 : 0,Riteriai,„Sportima“
"2023-03-19, 15:00", ,Šiauliai,3 : 0,Sūduva,Šiaulių „Gytarių“ stadionas
"2023-03-19, 13:00", ,Panevėžys,2 : 1,K. Žalgiris,„Žemynos“ progimnazijos stadionas
"2023-03-18, 17:00", ,Dainava,2 : 1,Banga,Marijampolės futbolo arenos maniežas
"2023-03-18, 15:00", ,Hegelmann,2 : 0,Džiugas,LFF Kauno treniruočių centro st.
"2023-03-15, 19:30", ,Riteriai,0 : 0,Dainava,„Sportima“
"2023-03-15, 19:00", ,Sūduva,0 : 2,Panevėžys,Marijampolės futbolo arenos maniežas
"2023-03-15, 18:00", ,Banga,2 : 0,Džiugas,Gargždų m. stadionas
"2023-03-14, 20:00", ,K. Žalgiris,1 : 1,Žalgiris,Marijampolės futbolo arenos maniežas
"2023-03-14, 18:00", ,Šiauliai,3 : 1,Hegelmann,Šiaulių „Gytarių“ stadionas
"2023-03-12, 17:55", ,Riteriai,0 : 4,Panevėžys,„Sportima“
"2023-03-12, 15:00", ,Džiugas,0 : 1,Dainava,„Ateities“ progimnazijos stadionas
"2023-03-11, 17:30", ,Žalgiris,1 : 0,Banga,„Sportima“
"2023-03-11, 13:00", ,Sūduva,2 : 0,Hegelmann,Marijampolės futbolo arenos maniežas
"2023-03-10, 19:30", ,K. Žalgiris,0 : 0,Šiauliai,Marijampolės futbolo arenos maniežas
"2023-03-05, 17:55", ,Žalgiris,2 : 3,Džiugas,„Sportima“
"2023-03-05, 15:00", ,Banga,0 : 4,Panevėžys,Gargždų m. stadionas
"2023-03-04, 20:00", ,Hegelmann,3 : 0,Dainava,Marijampolės futbolo arenos maniežas
"2023-03-04, 17:00", ,Sūduva,2 : 4,K. Žalgiris,Marijampolės futbolo arenos maniežas
"2023-03-03, 19:30", ,Riteriai,0 : 1,Šiauliai,„Sportima“
"2020-11-14, 15:00", ,Žalgiris,3 : 0,Sūduva,LFF stadionas
"2020-10-31, 17:00", ,K. Žalgiris,1 : 0,Riteriai,LFF Kauno treniruočių centro st.
"2020-10-31, 17:00", ,Panevėžys,1 : 1,Banga,„Aukštaitijos“ stadionas
"2020-10-28, 18:30", ,Riteriai,1 : 1,Panevėžys,LFF stadionas
"2020-10-20, 20:00", ,Sūduva,1 : 1,K. Žalgiris,Marijampolės futbolo arenos stadionas
"2020-10-20, 18:00", ,Banga,0 : 4,Žalgiris,Gargždų m. stadionas
"2020-10-10, 17:00", ,Banga,1 : 2,Sūduva,Gargždų m. stadionas
"2020-10-03, 17:00", ,Panevėžys,1 : 1,Sūduva,„Aukštaitijos“ stadionas
"2020-10-03, 15:00", ,K. Žalgiris,0 : 1,Žalgiris,„Kauno Žalgirio“ FA stadionas
"2020-10-02, 19:00", ,Riteriai,4 : 0,Banga,LFF stadionas
"2020-09-27, 19:00", ,Sūduva,7 : 1,Riteriai,Marijampolės futbolo arenos stadionas
"2020-09-27, 17:00", ,Žalgiris,3 : 2,Panevėžys,LFF stadionas
"2020-09-27, 15:00", ,Banga,1 : 2,K. Žalgiris,Gargždų m. stadionas
"2020-08-20, 20:00", ,Riteriai,2 : 2,Žalgiris,LFF stadionas
"2020-08-20, 18:00", ,Panevėžys,0 : 1,K. Žalgiris,„Aukštaitijos“ stadionas
"2020-08-16, 17:00", ,Banga,3 : 3,Panevėžys,Gargždų m. stadionas
"2020-08-14, 19:00", ,Riteriai,0 : 1,K. Žalgiris,LFF stadionas
"2020-08-12, 19:00", ,Sūduva,2 : 0,Žalgiris,Marijampolės futbolo arenos stadionas
"2020-08-08, 17:00", ,Panevėžys,1 : 1,Riteriai,„Aukštaitijos“ stadionas
"2020-08-07, 20:00", ,K. Žalgiris,3 : 0,Sūduva,„Kauno Žalgirio“ FA stadionas
"2020-08-07, 18:00", ,Žalgiris,1 : 0,Banga,LFF stadionas
"2020-08-02, 19:00", ,Žalgiris,3 : 1,K. Žalgiris,LFF stadionas
"2020-08-02, 17:00", ,Sūduva,1 : 0,Panevėžys,Marijampolės futbolo arenos stadionas
"2020-08-01, 17:00", ,Banga,1 : 1,Riteriai,Gargždų m. stadionas
"2020-07-28, 20:00", ,Riteriai,1 : 2,Sūduva,LFF stadionas
"2020-07-28, 19:00", ,Panevėžys,1 : 2,Žalgiris,„Aukštaitijos“ stadionas
"2020-07-28, 18:00", ,K. Žalgiris,2 : 3,Banga,„Kauno Žalgirio“ FA stadionas
"2020-07-23, 20:00", ,Žalgiris,1 : 0,Riteriai,LFF stadionas
"2020-07-23, 19:00", ,Sūduva,0 : 0,Banga,Marijampolės futbolo arenos stadionas
"2020-07-23, 18:00", ,K. Žalgiris,3 : 2,Panevėžys,„Kauno Žalgirio“ FA stadionas
"2020-07-19, 19:00", ,Banga,0 : 2,Sūduva,Gargždų m. stadionas
"2020-07-19, 17:00", ,Panevėžys,1 : 2,Žalgiris,„Aukštaitijos“ stadionas
"2020-07-18, 13:00", ,K. Žalgiris,2 : 1,Riteriai,„Kauno Žalgirio“ FA stadionas
"2020-07-12, 17:00", ,Žalgiris,4 : 0,Sūduva,LFF stadionas
"2020-07-11, 18:00", ,Panevėžys,2 : 1,Riteriai,„Aukštaitijos“ stadionas
"2020-07-11, 15:00", ,K. Žalgiris,2 : 0,Banga,„Kauno Žalgirio“ FA stadionas
"2020-07-04, 19:00", ,Sūduva,1 : 0,Riteriai,Marijampolės futbolo arenos stadionas
"2020-07-03, 20:00", ,Panevėžys,0 : 2,K. Žalgiris,„Aukštaitijos“ stadionas
"2020-07-03, 18:00", ,Žalgiris,0 : 0,Banga,LFF stadionas
"2020-06-28, 19:00", ,Panevėžys,2 : 1,Banga,„Aukštaitijos“ stadionas
"2020-06-28, 17:00", ,Riteriai,0 : 7,Žalgiris,LFF stadionas
"2020-06-28, 15:00", ,K. Žalgiris,0 : 1,Sūduva,„Kauno Žalgirio“ FA stadionas
"2020-06-24, 20:00", ,Banga,1 : 1,Riteriai,Gargždų m. stadionas
"2020-06-24, 19:00", ,Žalgiris,2 : 3,K. Žalgiris,LFF stadionas
"2020-06-24, 17:00", ,Sūduva,3 : 0,Panevėžys,Marijampolės futbolo arenos stadionas
"2020-06-20, 19:00", ,Sūduva,1 : 1,Žalgiris,Marijampolės futbolo arenos stadionas
"2020-06-20, 17:00", ,Banga,1 : 1,K. Žalgiris,Gargždų m. stadionas
"2020-06-19, 19:00", ,Riteriai,1 : 1,Panevėžys,LFF stadionas
"2020-06-14, 17:00", ,Riteriai,1 : 3,Sūduva,LFF stadionas
"2020-06-13, 17:00", ,Banga,0 : 1,Žalgiris,Gargždų m. stadionas
"2020-06-13, 13:00", ,K. Žalgiris,2 : 0,Panevėžys,„Kauno Žalgirio“ FA stadionas
"2020-06-07, 17:00", ,Riteriai,0 : 1,Banga,LFF stadionas
"2020-06-06, 17:00", ,Panevėžys,1 : 3,Sūduva,„Aukštaitijos“ stadionas
"2020-06-06, 13:00", ,K. Žalgiris,0 : 1,Žalgiris,„Kauno Žalgirio“ FA stadionas
"2020-06-01, 18:00", ,Sūduva,1 : 0,K. Žalgiris,Marijampolės futbolo arenos stadionas
"2020-05-30, 17:00", ,Banga,2 : 0,Panevėžys,Gargždų m. stadionas
"2020-05-30, 15:00", ,Žalgiris,0 : 1,Riteriai,LFF stadionas
"2020-03-08, 18:00", ,Riteriai,0 : 3,K. Žalgiris,„Sportima“
"2020-03-07, 17:00", ,Sūduva,1 : 0,Banga,Marijampolės futbolo arenos maniežas
"2020-03-06, 19:30", ,Žalgiris,4 : 0,Panevėžys,„Sportima“
"2019-11-27, 19:00", ,Atlantas,0 : 2,K. Žalgiris,Klaipėdos dirbtinės dangos st.
"2019-11-27, 19:00", ,Sūduva,2 : 1,Žalgiris,Marijampolės futbolo arenos stadionas
"2019-11-27, 19:00", ,Panevėžys,2 : 0,Riteriai,„Aukštaitijos“ stadionas
"2019-11-23, 13:00", ,Riteriai,5 : 1,Sūduva,LFF stadionas
"2019-11-23, 13:00", ,K. Žalgiris,1 : 0,Panevėžys,LFF Kauno treniruočių centro st.
"2019-11-22, 19:00", ,Žalgiris,5 : 0,Atlantas,LFF stadionas
"2019-11-09, 13:00", ,Sūduva,4 : 1,K. Žalgiris,Marijampolės futbolo arenos stadionas
"2019-11-08, 19:00", ,Žalgiris,1 : 3,Riteriai,LFF stadionas
"2019-11-08, 18:00", ,Atlantas,1 : 4,Panevėžys,Klaipėdos dirbtinės dangos st.
"2019-11-04, 19:00", ,Riteriai,5 : 2,Atlantas,LFF stadionas
"2019-11-04, 18:00", ,K. Žalgiris,1 : 2,Žalgiris,LFF Kauno treniruočių centro st.
"2019-11-03, 17:00", ,Panevėžys,1 : 5,Sūduva,„Aukštaitijos“ stadionas
"2019-10-31, 19:00", ,Riteriai,0 : 1,K. Žalgiris,LFF stadionas
"2019-10-30, 19:00", ,Žalgiris,3 : 1,Panevėžys,LFF stadionas
"2019-10-30, 18:00", ,Sūduva,9 : 1,Atlantas,Marijampolės futbolo arenos stadionas
"2019-10-26, 13:00", ,K. Žalgiris,3 : 0,Stumbras,„Kauno Žalgirio“ FA stadionas
"2019-10-26, 13:00", ,Sūduva,1 : 0,Žalgiris,Marijampolės futbolo arenos stadionas
"2019-10-26, 13:00", ,Atlantas,0 : 1,Palanga,Klaipėdos m. centrinis stadionas
"2019-10-26, 13:00", ,Riteriai,4 : 0,Panevėžys,LFF stadionas
"2019-10-20, 19:00", ,Žalgiris,1 : 3,Sūduva,LFF stadionas
"2019-10-19, 19:00", ,Žalgiris,3 : 0,Stumbras,LFF stadionas
"2019-10-19, 17:00", ,Panevėžys,1 : 1,Atlantas,„Aukštaitijos“ stadionas
"2019-10-19, 13:00", ,Riteriai,0 : 0,K. Žalgiris,LFF stadionas
"2019-10-15, 19:30", ,Riteriai,1 : 2,Sūduva,LFF stadionas
"2019-10-12, 15:00", ,Palanga,0 : 4,Sūduva,Palangos m. stadionas
"2019-10-05, 19:00", ,Sūduva,3 : 1,Panevėžys,Marijampolės futbolo arenos stadionas
"2019-10-05, 17:00", ,Stumbras,0 : 3,Palanga,LFF Kauno treniruočių centro st.
"2019-10-05, 15:00", ,Atlantas,2 : 1,Riteriai,Klaipėdos m. centrinis stadionas
"2019-10-05, 13:00", ,K. Žalgiris,1 : 2,Žalgiris,„Kauno Žalgirio“ FA stadionas
"2019-10-02, 18:30", ,Sūduva,5 : 0,Palanga,Marijampolės futbolo arenos stadionas
"2019-09-28, 18:00", ,Panevėžys,3 : 3,K. Žalgiris,„Aukštaitijos“ stadionas
"2019-09-25, 19:00", ,Žalgiris,4 : 0,Atlantas,LFF stadionas
"2019-09-25, 18:00", ,Stumbras,0 : 3,Sūduva,LFF Kauno treniruočių centro st.
"2019-09-25, 17:00", ,Palanga,1 : 3,Riteriai,Palangos m. stadionas
"2019-09-24, 18:00", ,Panevėžys,2 : 7,Sūduva,„Aukštaitijos“ stadionas
"2019-09-21, 19:00", ,Atlantas,3 : 0,Stumbras,Klaipėdos m. centrinis stadionas
"2019-09-21, 15:00", ,K. Žalgiris,0 : 2,Sūduva,„Kauno Žalgirio“ FA stadionas
"2019-09-21, 13:00", ,Riteriai,1 : 1,Žalgiris,LFF stadionas
"2019-09-14, 17:00", ,Stumbras,0 : 3,Riteriai,LFF Kauno treniruočių centro st.
"2019-09-14, 15:00", ,Palanga,2 : 3,K. Žalgiris,Palangos m. stadionas
"2019-09-13, 19:00", ,Atlantas,0 : 4,Sūduva,Klaipėdos m. centrinis stadionas
"2019-09-13, 19:00", ,Žalgiris,5 : 0,Panevėžys,LFF stadionas
"2019-09-01, 18:00", ,Panevėžys,3 : 0,Stumbras,„Aukštaitijos“ stadionas
"2019-08-31, 17:00", ,K. Žalgiris,1 : 0,Atlantas,„Kauno Žalgirio“ FA stadionas
"2019-08-31, 15:00", ,Palanga,0 : 4,Žalgiris,Palangos m. stadionas
"2019-08-25, 18:00", ,Palanga,0 : 2,Atlantas,Palangos m. stadionas
"2019-08-24, 17:00", ,Stumbras,0 : 3,K. Žalgiris,LFF Kauno treniruočių centro st.
"2019-08-23, 18:00", ,Panevėžys,4 : 2,Riteriai,„Aukštaitijos“ stadionas
"2019-08-18, 17:00", ,Atlantas,0 : 2,Panevėžys,Klaipėdos m. centrinis stadionas
"2019-08-18, 15:00", ,Stumbras,0 : 3,Žalgiris,LFF Kauno treniruočių centro st.
"2019-08-17, 19:00", ,K. Žalgiris,1 : 0,Riteriai,„Kauno Žalgirio“ FA stadionas
"2019-08-12, 18:00", ,Panevėžys,3 : 1,Palanga,„Aukštaitijos“ stadionas
"2019-08-11, 19:00", ,Žalgiris,3 : 0,K. Žalgiris,LFF stadionas
"2019-08-11, 15:00", ,Palanga,3 : 0,Stumbras,Palangos m. stadionas
"2019-08-10, 19:00", ,Riteriai,1 : 1,Atlantas,LFF stadionas
"2019-08-04, 19:00", ,Atlantas,1 : 3,Žalgiris,Klaipėdos m. centrinis stadionas
"2019-08-03, 19:00", ,Sūduva,3 : 0,Stumbras,Marijampolės futbolo arenos stadionas
"2019-08-03, 17:00", ,Riteriai,1 : 0,Palanga,LFF stadionas
"2019-08-03, 15:00", ,K. Žalgiris,2 : 2,Panevėžys,„Kauno Žalgirio“ FA stadionas
"2019-07-06, 17:00", ,Stumbras,0 : 3,Atlantas,LFF Kauno treniruočių centro st.
"2019-07-05, 19:00", ,Žalgiris,2 : 1,Riteriai,LFF stadionas
"2019-07-04, 18:00", ,Palanga,1 : 2,Panevėžys,Palangos m. stadionas
"2019-07-03, 20:00", ,Sūduva,3 : 0,K. Žalgiris,Marijampolės futbolo arenos stadionas
"2019-06-29, 20:00", ,Riteriai,3 : 0,Stumbras,LFF stadionas
"2019-06-29, 19:00", ,Sūduva,4 : 1,Atlantas,Marijampolės futbolo arenos stadionas
"2019-06-29, 18:00", ,K. Žalgiris,4 : 0,Palanga,„Kauno Žalgirio“ FA stadionas
"2019-06-29, 16:00", ,Panevėžys,0 : 2,Žalgiris,„Aukštaitijos“ stadionas
"2019-06-23, 19:00", ,Žalgiris,3 : 2,Palanga,LFF stadionas
"2019-06-22, 19:00", ,Sūduva,1 : 2,Riteriai,Marijampolės futbolo arenos stadionas
"2019-06-22, 17:00", ,Stumbras,0 : 3,Panevėžys,LFF Kauno treniruočių centro st.
"2019-06-22, 15:00", ,Atlantas,1 : 1,K. Žalgiris,Klaipėdos m. centrinis stadionas
"2019-06-15, 19:00", ,Sūduva,2 : 1,Panevėžys,Marijampolės futbolo arenos stadionas
"2019-06-15, 17:00", ,Stumbras,0 : 3,Palanga,LFF Kauno treniruočių centro st.
"2019-06-14, 20:00", ,K. Žalgiris,3 : 4,Žalgiris,„Kauno Žalgirio“ FA stadionas
"2019-06-14, 18:00", ,Atlantas,2 : 3,Riteriai,Klaipėdos m. centrinis stadionas
"2019-06-02, 18:00", ,Panevėžys,4 : 1,Atlantas,„Aukštaitijos“ stadionas
"2019-06-01, 19:00", ,Riteriai,1 : 0,K. Žalgiris,LFF stadionas
"2019-06-01, 17:00", ,Palanga,0 : 2,Sūduva,Palangos m. stadionas
"2019-05-31, 19:00", ,Žalgiris,2 : 1,Stumbras,LFF stadionas
"2019-05-22, 20:00", ,Sūduva,1 : 0,Žalgiris,Marijampolės futbolo arenos stadionas
"2019-05-22, 18:00", ,K. Žalgiris,4 : 3,Stumbras,„Kauno Žalgirio“ FA stadionas
"2019-05-21, 20:00", ,Riteriai,1 : 1,Panevėžys,LFF stadionas
"2019-05-21, 18:00", ,Atlantas,2 : 1,Palanga,Klaipėdos m. centrinis stadionas
"2019-05-18, 19:00", ,Sūduva,2 : 0,Stumbras,Marijampolės futbolo arenos stadionas
"2019-05-18, 18:00", ,Palanga,1 : 3,Riteriai,Palangos m. stadionas
"2019-05-18, 17:00", ,Panevėžys,1 : 1,K. Žalgiris,„Aukštaitijos“ stadionas
"2019-05-17, 19:00", ,Žalgiris,3 : 0,Atlantas,LFF stadionas
"2019-05-12, 17:00", ,Panevėžys,2 : 1,Palanga,„Aukštaitijos“ stadionas
"2019-05-12, 14:00", ,Atlantas,0 : 0,Stumbras,Klaipėdos m. centrinis stadionas
"2019-05-11, 15:00", ,K. Žalgiris,0 : 3,Sūduva,LFF Kauno treniruočių centro st.
"2019-05-11, 13:00", ,Riteriai,1 : 0,Žalgiris,LFF stadionas
"2019-05-05, 19:00", ,Žalgiris,2 : 1,Panevėžys,LFF stadionas
"2019-05-05, 17:00", ,Sūduva,4 : 0,Atlantas,Marijampolės futbolo arenos stadionas
"2019-05-05, 15:00", ,Palanga,0 : 3,K. Žalgiris,Klaipėdos dirbtinės dangos st.
"2019-05-04, 17:00", ,Stumbras,0 : 3,Riteriai,LFF Kauno treniruočių centro st.
"2019-04-27, 20:00", ,Riteriai,1 : 2,Sūduva,LFF stadionas
"2019-04-27, 17:00", ,K. Žalgiris,2 : 1,Atlantas,LFF Kauno treniruočių centro st.
"2019-04-27, 15:00", ,Palanga,1 : 4,Žalgiris,Klaipėdos dirbtinės dangos st.
"2019-04-27, 13:00", ,Panevėžys,1 : 1,Stumbras,„Žemynos“ progimnazijos stadionas
"2019-04-20, 15:00", ,Riteriai,0 : 0,Atlantas,LFF stadionas
"2019-04-20, 13:00", ,Palanga,2 : 1,Stumbras,Klaipėdos dirbtinės dangos st.
"2019-04-19, 19:00", ,Žalgiris,3 : 1,K. Žalgiris,LFF stadionas
"2019-04-19, 17:30", ,Panevėžys,1 : 2,Sūduva,„Žemynos“ progimnazijos stadionas
"2019-04-14, 17:00", ,Sūduva,3 : 0,Palanga,Marijampolės futbolo arenos stadionas
"2019-04-14, 15:00", ,Atlantas,2 : 1,Panevėžys,Klaipėdos dirbtinės dangos st.
"2019-04-13, 17:30", ,Stumbras,1 : 0,Žalgiris,LFF Kauno treniruočių centro st.
"2019-04-13, 13:00", ,K. Žalgiris,3 : 1,Riteriai,LFF Kauno treniruočių centro st.
"2019-04-07, 19:00", ,Žalgiris,1 : 0,Sūduva,LFF stadionas
"2019-04-07, 17:00", ,Panevėžys,1 : 2,Riteriai,„Žemynos“ progimnazijos stadionas
"2019-04-06, 17:00", ,Stumbras,0 : 1,K. Žalgiris,LFF Kauno treniruočių centro st.
"2019-04-06, 13:00", ,Palanga,2 : 1,Atlantas,Klaipėdos dirbtinės dangos st.
"2019-04-02, 19:00", ,Riteriai,3 : 1,Palanga,LFF stadionas
"2019-03-31, 17:00", ,Stumbras,2 : 0,Sūduva,LFF Kauno treniruočių centro st.
"2019-03-30, 13:00", ,K. Žalgiris,2 : 0,Panevėžys,LFF Kauno treniruočių centro st.
"2019-03-30, 13:00", ,Atlantas,0 : 3,Žalgiris,Klaipėdos dirbtinės dangos st.
"2019-03-17, 15:00", ,Palanga,1 : 1,Panevėžys,Klaipėdos dirbtinės dangos st.
"2019-03-16, 17:00", ,Sūduva,1 : 0,K. Žalgiris,Marijampolės futbolo arenos maniežas
"2019-03-16, 15:00", ,Stumbras,2 : 0,Atlantas,LFF Kauno treniruočių centro st.
"2019-03-15, 19:30", ,Žalgiris,1 : 1,Riteriai,„Sportima“
"2019-03-11, 19:30", ,Riteriai,0 : 0,Stumbras,„Sportima“
"2019-03-10, 15:00", ,Atlantas,0 : 5,Sūduva,Klaipėdos dirbtinės dangos st.
"2019-03-09, 15:00", ,Panevėžys,0 : 3,Žalgiris,„Žemynos“ progimnazijos stadionas
"2019-03-09, 13:00", ,K. Žalgiris,6 : 1,Palanga,LFF Kauno treniruočių centro st.
"2019-03-03, 19:30", ,Žalgiris,5 : 1,Palanga,„Sportima“
"2019-03-03, 17:00", ,Sūduva,2 : 1,Riteriai,Marijampolės futbolo arenos maniežas
"2019-03-02, 17:00", ,Stumbras,1 : 0,Panevėžys,LFF Kauno treniruočių centro st.
"2019-03-02, 15:00", ,Atlantas,2 : 0,K. Žalgiris,Klaipėdos dirbtinės dangos st.
"2018-11-11, 13:00", ,Atlantas,1 : 5,Riteriai,Klaipėdos dirbtinės dangos st.
"2018-11-11, 13:00", ,Sūduva,1 : 2,Žalgiris,Marijampolės futbolo arenos stadionas
"2018-11-11, 13:00", ,K. Žalgiris,1 : 2,Stumbras,LFF Kauno treniruočių centro st.
"2018-11-07, 20:00", ,Sūduva,6 : 0,Atlantas,Marijampolės futbolo arenos stadionas
"2018-11-07, 18:00", ,Žalgiris,5 : 2,K. Žalgiris,LFF stadionas
"2018-11-07, 18:00", ,Stumbras,0 : 3,Riteriai,LFF Kauno treniruočių centro st.
"2018-11-03, 18:00", ,Žalgiris,0 : 0,Atlantas,LFF stadionas
"2018-11-03, 13:00", ,Stumbras,1 : 4,Sūduva,LFF Kauno treniruočių centro st.
"2018-11-03, 13:00", ,Riteriai,1 : 0,K. Žalgiris,LFF stadionas
"2018-10-31, 20:00", ,Žalgiris,2 : 0,Stumbras,LFF stadionas
"2018-10-31, 18:00", ,Atlantas,1 : 3,K. Žalgiris,Klaipėdos dirbtinės dangos st.
"2018-10-31, 18:00", ,Sūduva,1 : 0,Riteriai,Marijampolės futbolo arenos stadionas
"2018-10-28, 17:00", ,Stumbras,6 : 0,Atlantas,LFF Kauno treniruočių centro st.
"2018-10-28, 13:00", ,Riteriai,0 : 1,Žalgiris,LFF stadionas
"2018-10-28, 13:00", ,K. Žalgiris,1 : 1,Sūduva,LFF Kauno treniruočių centro st.
"2018-10-24, 18:00", ,Žalgiris,3 : 1,Atlantas,LFF stadionas
"2018-10-24, 18:00", ,Sūduva,1 : 0,K. Žalgiris,Marijampolės futbolo arenos stadionas
"2018-10-24, 16:00", ,Palanga,1 : 5,Stumbras,Palangos m. stadionas
"2018-10-21, 13:00", ,Jonava,1 : 2,Sūduva,Jonavos m. stadionas
"2018-10-21, 13:00", ,Žalgiris,2 : 2,Riteriai,LFF stadionas
"2018-10-17, 18:00", ,Žalgiris,2 : 1,Jonava,LFF stadionas
"2018-10-07, 13:00", ,Atlantas,1 : 5,Žalgiris,Klaipėdos m. centrinis stadionas
"2018-10-07, 13:00", ,Stumbras,1 : 2,Sūduva,LFF Kauno treniruočių centro st.
"2018-10-05, 16:00", ,K. Žalgiris,2 : 0,Palanga,Dariaus ir Girėno stadionas
"2018-10-04, 20:00", ,Riteriai,1 : 0,Žalgiris,LFF stadionas
"2018-10-04, 18:00", ,Atlantas,2 : 5,Sūduva,Klaipėdos m. centrinis stadionas
"2018-10-04, 16:00", ,Stumbras,3 : 0,Jonava,Dariaus ir Girėno stadionas
"2018-09-29, 16:00", ,Riteriai,1 : 2,Sūduva,LFF stadionas
"2018-09-26, 20:00", ,Sūduva,0 : 0,Riteriai,Marijampolės futbolo arenos stadionas
"2018-09-26, 17:00", ,Jonava,0 : 6,Žalgiris,Jonavos m. stadionas
"2018-09-25, 18:00", ,Atlantas,1 : 1,Palanga,Klaipėdos m. centrinis stadionas
"2018-09-22, 17:00", ,Stumbras,0 : 0,K. Žalgiris,Dariaus ir Girėno stadionas
"2018-09-21, 20:00", ,Žalgiris,1 : 0,Sūduva,LFF stadionas
"2018-09-20, 18:00", ,Riteriai,3 : 0,Palanga,LFF stadionas
"2018-09-19, 20:00", ,Atlantas,1 : 3,Stumbras,Klaipėdos m. centrinis stadionas
"2018-09-19, 18:00", ,K. Žalgiris,1 : 1,Jonava,Dariaus ir Girėno stadionas
"2018-09-15, 13:00", ,Sūduva,5 : 0,Palanga,Marijampolės futbolo arenos stadionas
"2018-08-29, 20:00", ,Riteriai,2 : 2,Stumbras,LFF stadionas
"2018-08-29, 18:00", ,Palanga,0 : 5,Žalgiris,Palangos m. stadionas
"2018-08-28, 18:00", ,K. Žalgiris,4 : 0,Atlantas,Dariaus ir Girėno stadionas
"2018-08-25, 13:00", ,Stumbras,2 : 1,Atlantas,Dariaus ir Girėno stadionas
"2018-08-23, 20:00", ,Riteriai,1 : 0,K. Žalgiris,LFF stadionas
"2018-08-22, 20:00", ,Atlantas,1 : 1,Jonava,Klaipėdos m. centrinis stadionas
"2018-08-22, 18:00", ,Stumbras,0 : 2,Žalgiris,Dariaus ir Girėno stadionas
"2018-08-19, 18:00", ,Žalgiris,4 : 0,K. Žalgiris,LFF stadionas
"2018-08-19, 13:00", ,Atlantas,0 : 2,Riteriai,Klaipėdos m. centrinis stadionas
"2018-08-18, 13:00", ,Jonava,3 : 1,Palanga,Jonavos m. stadionas
"2018-08-15, 18:00", ,Atlantas,0 : 1,K. Žalgiris,Klaipėdos m. centrinis stadionas
"2018-08-12, 13:00", ,Jonava,1 : 3,Riteriai,Jonavos m. stadionas
"2018-08-11, 13:00", ,Palanga,2 : 0,Atlantas,Palangos m. stadionas
"2018-08-11, 13:00", ,K. Žalgiris,0 : 2,Stumbras,Dariaus ir Girėno stadionas
"2018-08-07, 18:00", ,Palanga,0 : 1,K. Žalgiris,Palangos m. stadionas
"2018-08-04, 13:00", ,Jonava,1 : 3,Stumbras,Jonavos m. stadionas
"2018-08-04, 13:00", ,Sūduva,3 : 0,Atlantas,Marijampolės futbolo arenos stadionas
"2018-07-04, 18:00", ,K. Žalgiris,1 : 0,Sūduva,Dariaus ir Girėno stadionas
"2018-07-03, 18:00", ,Stumbras,2 : 0,Palanga,Dariaus ir Girėno stadionas
"2018-07-01, 19:00", ,K. Žalgiris,0 : 3,Sūduva,Dariaus ir Girėno stadionas
"2018-06-27, 20:00", ,Sūduva,0 : 1,Žalgiris,Marijampolės futbolo arenos stadionas
"2018-06-27, 18:00", ,Jonava,0 : 2,K. Žalgiris,Jonavos m. stadionas
"2018-06-20, 20:00", ,Sūduva,2 : 0,Jonava,Marijampolės futbolo arenos stadionas
"2018-06-20, 18:00", ,Žalgiris,2 : 0,Palanga,LFF stadionas
"2018-06-19, 18:00", ,Stumbras,1 : 0,Riteriai,Dariaus ir Girėno stadionas
"2018-06-16, 13:00", ,Žalgiris,0 : 1,Stumbras,LFF stadionas
"2018-06-16, 13:00", ,Palanga,1 : 4,Sūduva,Palangos m. stadionas
"2018-06-15, 18:00", ,Jonava,2 : 1,Atlantas,Jonavos m. stadionas
"2018-06-14, 18:00", ,K. Žalgiris,1 : 1,Riteriai,Dariaus ir Girėno stadionas
"2018-05-24, 18:00", ,Palanga,3 : 1,Jonava,Palangos m. stadionas
"2018-05-23, 20:00", ,Riteriai,1 : 2,Atlantas,LFF stadionas
"2018-05-23, 18:00", ,K. Žalgiris,0 : 1,Žalgiris,Dariaus ir Girėno stadionas
"2018-05-22, 18:00", ,Sūduva,3 : 0,Stumbras,Marijampolės futbolo arenos stadionas
"2018-05-20, 13:00", ,Riteriai,1 : 0,Jonava,LFF stadionas
"2018-05-19, 13:00", ,Žalgiris,3 : 1,Atlantas,LFF stadionas
"2018-05-16, 18:00", ,Palanga,0 : 2,Stumbras,Palangos m. stadionas
"2018-05-16, 18:00", ,Jonava,0 : 0,Riteriai,Jonavos m. stadionas
"2018-05-13, 18:00", ,K. Žalgiris,0 : 0,Palanga,Dariaus ir Girėno stadionas
"2018-05-13, 13:00", ,Jonava,0 : 2,Stumbras,Jonavos m. stadionas
"2018-05-12, 13:00", ,Riteriai,0 : 1,Žalgiris,LFF stadionas
"2018-05-12, 13:00", ,Atlantas,0 : 3,Sūduva,Klaipėdos m. centrinis stadionas
"2018-05-09, 18:00", ,Palanga,0 : 2,Atlantas,Palangos m. stadionas
"2018-05-08, 20:00", ,Jonava,1 : 2,Žalgiris,Jonavos dirbtinės dangos st.
"2018-05-08, 18:00", ,Stumbras,0 : 2,K. Žalgiris,Dariaus ir Girėno stadionas
"2018-05-06, 19:00", ,Sūduva,0 : 0,Riteriai,Marijampolės futbolo arenos stadionas
"2018-05-03, 20:00", ,Atlantas,0 : 0,Stumbras,Klaipėdos m. centrinis stadionas
"2018-05-03, 18:00", ,K. Žalgiris,1 : 0,Jonava,Dariaus ir Girėno stadionas
"2018-05-02, 20:00", ,Žalgiris,2 : 3,Sūduva,LFF stadionas
"2018-05-02, 18:00", ,Palanga,1 : 0,Riteriai,Palangos m. stadionas
"2018-04-29, 18:00", ,Stumbras,0 : 2,Riteriai,LFF Kauno treniruočių centro st.
"2018-04-29, 13:00", ,K. Žalgiris,2 : 3,Atlantas,LFF Kauno treniruočių centro st.
"2018-04-28, 13:00", ,Palanga,1 : 2,Žalgiris,Klaipėdos dirbtinės dangos st.
"2018-04-28, 13:00", ,Jonava,0 : 0,Sūduva,Jonavos dirbtinės dangos st.
"2018-04-25, 18:00", ,Atlantas,1 : 0,Jonava,Klaipėdos dirbtinės dangos st.
"2018-04-24, 20:00", ,Riteriai,2 : 0,K. Žalgiris,LFF stadionas
"2018-04-24, 18:00", ,Palanga,0 : 2,Sūduva,Klaipėdos dirbtinės dangos st.
"2018-04-22, 13:00", ,Žalgiris,1 : 1,Stumbras,LFF stadionas
"2018-04-18, 20:00", ,K. Žalgiris,0 : 0,Žalgiris,LFF Kauno treniruočių centro st.
"2018-04-18, 18:00", ,Atlantas,0 : 2,Riteriai,Klaipėdos dirbtinės dangos st.
"2018-04-17, 20:00", ,Stumbras,0 : 1,Sūduva,LFF Kauno treniruočių centro st.
"2018-04-17, 18:00", ,Jonava,4 : 0,Palanga,Jonavos dirbtinės dangos st.
"2018-04-12, 20:00", ,Riteriai,1 : 1,Jonava,LFF stadionas
"2018-04-12, 18:00", ,Sūduva,4 : 1,K. Žalgiris,Marijampolės futbolo arenos maniežas
"2018-04-11, 20:00", ,Stumbras,0 : 1,Palanga,LFF Kauno treniruočių centro st.
"2018-04-11, 18:00", ,Atlantas,2 : 5,Žalgiris,Klaipėdos dirbtinės dangos st.
"2018-04-07, 13:00", ,Žalgiris,3 : 2,Riteriai,LFF stadionas
"2018-04-05, 20:00", ,Sūduva,2 : 1,Atlantas,Marijampolės futbolo arenos maniežas
"2018-04-05, 18:00", ,Palanga,1 : 0,K. Žalgiris,Klaipėdos dirbtinės dangos st.
"2018-04-04, 18:00", ,Stumbras,4 : 0,Jonava,LFF Kauno treniruočių centro st.
"2018-03-31, 13:00", ,K. Žalgiris,0 : 1,Stumbras,LFF Kauno treniruočių centro st.
"2018-03-31, 13:00", ,Riteriai,1 : 4,Sūduva,„Sportima“
"2018-03-30, 19:30", ,Žalgiris,1 : 2,Jonava,„Sportima“
"2018-03-30, 18:00", ,Atlantas,1 : 1,Palanga,Klaipėdos dirbtinės dangos st.
"2018-03-18, 18:00", ,Riteriai,3 : 1,Palanga,„Sportima“
"2018-03-17, 13:00", ,Jonava,0 : 1,K. Žalgiris,Jonavos dirbtinės dangos st.
"2018-03-14, 20:00", ,Sūduva,0 : 0,Žalgiris,Marijampolės futbolo arenos maniežas
"2018-03-14, 18:00", ,Stumbras,0 : 2,Atlantas,LFF Kauno treniruočių centro st.
"2018-03-13, 18:00", ,Palanga,1 : 1,Riteriai,Klaipėdos dirbtinės dangos st.
"2018-03-08, 19:30", ,Žalgiris,4 : 0,Palanga,„Sportima“
"2018-03-08, 18:00", ,Sūduva,4 : 2,Jonava,Marijampolės futbolo arenos maniežas
"2018-03-07, 19:30", ,Riteriai,1 : 1,Stumbras,„Sportima“
"2018-03-07, 18:00", ,Atlantas,0 : 1,K. Žalgiris,Klaipėdos dirbtinės dangos st.
"2018-03-04, 17:00", ,Stumbras,0 : 0,Žalgiris,Marijampolės futbolo arenos maniežas
"2018-03-04, 13:00", ,Jonava,1 : 1,Atlantas,Marijampolės futbolo arenos maniežas
"2018-03-03, 15:00", ,Sūduva,2 : 0,Palanga,Marijampolės futbolo arenos maniežas
"2018-03-03, 13:00", ,K. Žalgiris,1 : 4,Riteriai,LFF Kauno treniruočių centro st.
"2018-02-25, 18:00", ,Žalgiris,2 : 0,K. Žalgiris,„Sportima“
"2018-02-25, 13:00", ,Palanga,1 : 1,Jonava,Klaipėdos dirbtinės dangos st.
"2018-02-24, 15:00", ,Riteriai,0 : 1,Atlantas,„Sportima“
"2018-02-24, 13:00", ,Sūduva,2 : 0,Stumbras,Marijampolės futbolo arenos maniežas
"2023-06-03, 19:00", ,Panevėžys,1 : 0,Hegelmann,„Aukštaitijos“ stadionas
"2023-06-03, 17:00", ,Banga,1 : 1,Riteriai,Gargždų m. stadionas
"2023-06-03, 15:00", ,Dainava,2 : 1,Sūduva,Alytaus m. stadionas
"2023-06-02, 18:00", ,Džiugas,0 : 0,K. Žalgiris,Telšių m. centrinis stadionas
"2022-11-23, 19:00", ,Žalgiris,2 : 3,K. Žalgiris,LFF stadionas
"2022-11-23, 19:00", ,Banga,2 : 3,Šiauliai,Gargždų m. stadionas
"2022-11-23, 19:00", ,Hegelmann,2 : 2,Riteriai,LFF Kauno treniruočių centro st.
"2022-11-23, 19:00", ,Panevėžys,2 : 1,Jonava,„Aukštaitijos“ stadionas
"2022-11-23, 19:00", ,Sūduva,1 : 1,Džiugas,Marijampolės futbolo arenos maniežas
"2022-11-20, 17:55", ,Žalgiris,5 : 0,Šiauliai,LFF stadionas
"2022-11-17, 18:00", ,Banga,0 : 2,Žalgiris,Gargždų m. stadionas
"2022-11-13, 19:30", ,Riteriai,2 : 1,Panevėžys,„Sportima“
"2022-11-13, 17:55", ,Šiauliai,3 : 0,Žalgiris,Šiaulių sav. stadionas
"2022-11-13, 13:00", ,Džiugas,0 : 3,K. Žalgiris,Telšių m. centrinis stadionas
"2022-11-13, 13:00", ,Hegelmann,2 : 0,Sūduva,LFF Kauno treniruočių centro st.
"2022-11-11, 18:00", ,Banga,2 : 0,Jonava,Gargždų m. stadionas
"2022-11-09, 19:00", ,Žalgiris,0 : 1,Panevėžys,LFF stadionas
"2022-11-08, 19:30", ,Riteriai,2 : 0,K. Žalgiris,„Sportima“
"2022-11-06, 17:55", ,Sūduva,1 : 2,Žalgiris,Marijampolės futbolo arenos stadionas
"2022-11-05, 14:00", ,K. Žalgiris,0 : 0,Panevėžys,Dariaus ir Girėno stadionas
"2022-10-30, 17:55", ,Panevėžys,3 : 1,Hegelmann,„Aukštaitijos“ stadionas
"2022-10-30, 15:00", ,Žalgiris,6 : 0,Džiugas,LFF stadionas
"2022-10-29, 17:00", ,Šiauliai,2 : 0,Sūduva,Šiaulių sav. stadionas
"2022-10-29, 17:00", ,Jonava,0 : 3,Riteriai,Jonavos m. stadionas
"2022-10-29, 14:00", ,K. Žalgiris,3 : 0,Banga,Dariaus ir Girėno stadionas
"2022-10-23, 17:55", ,Žalgiris,2 : 1,Hegelmann,LFF stadionas
"2022-10-23, 15:00", ,Sūduva,1 : 0,Jonava,Marijampolės futbolo arenos stadionas
"2022-10-23, 15:00", ,K. Žalgiris,1 : 0,Šiauliai,Dariaus ir Girėno stadionas
"2022-10-23, 13:00", ,Džiugas,0 : 0,Panevėžys,Telšių m. centrinis stadionas
"2022-10-21, 18:00", ,Riteriai,2 : 2,Banga,LFF stadionas
"2022-10-19, 20:00", ,Panevėžys,0 : 1,Žalgiris,„Aukštaitijos“ stadionas
"2022-10-19, 18:00", ,Sūduva,0 : 2,K. Žalgiris,Marijampolės futbolo arenos stadionas
"2022-10-15, 18:00", ,Šiauliai,2 : 0,Jonava,Šiaulių sav. stadionas
"2022-10-09, 20:00", ,Banga,1 : 1,Panevėžys,Gargždų m. stadionas
"2022-10-09, 17:55", ,Riteriai,2 : 3,Sūduva,LFF stadionas
"2022-10-09, 15:00", ,Jonava,0 : 4,Žalgiris,Jonavos m. stadionas
"2022-10-09, 13:00", ,K. Žalgiris,1 : 1,Hegelmann,„Kauno Žalgirio“ FA stadionas
"2022-10-08, 13:00", ,Džiugas,1 : 0,Šiauliai,Telšių m. centrinis stadionas
"2022-10-02, 17:55", ,Panevėžys,2 : 0,Sūduva,„Aukštaitijos“ stadionas
"2022-10-01, 17:00", ,Hegelmann,2 : 1,Šiauliai,LFF Kauno treniruočių centro st.
"2022-10-01, 15:00", ,Jonava,0 : 1,Džiugas,Jonavos m. stadionas
"2022-09-27, 19:00", ,Žalgiris,1 : 0,Sūduva,LFF stadionas
"2022-09-18, 19:00", ,Žalgiris,3 : 1,Riteriai,LFF stadionas
"2022-09-18, 17:55", ,Sūduva,2 : 0,Banga,Marijampolės futbolo arenos stadionas
"2022-09-17, 19:00", ,Šiauliai,1 : 0,Panevėžys,Šiaulių sav. stadionas
"2022-09-17, 15:00", ,Džiugas,0 : 1,Hegelmann,Telšių m. centrinis stadionas
"2022-09-16, 18:00", ,K. Žalgiris,2 : 1,Jonava,„Kauno Žalgirio“ FA stadionas
"2022-09-11, 19:00", ,Šiauliai,1 : 1,Banga,Šiaulių sav. stadionas
"2022-09-11, 17:55", ,Riteriai,0 : 0,Hegelmann,LFF stadionas
"2022-09-11, 15:00", ,K. Žalgiris,0 : 2,Žalgiris,„Kauno Žalgirio“ FA stadionas
"2022-09-10, 17:00", ,Jonava,1 : 1,Panevėžys,Jonavos m. stadionas
"2022-09-10, 15:00", ,Džiugas,2 : 1,Sūduva,Telšių m. centrinis stadionas
"2022-09-07, 20:00", ,Panevėžys,0 : 1,Riteriai,„Aukštaitijos“ stadionas
"2022-09-07, 19:00", ,Jonava,0 : 5,Banga,Jonavos m. stadionas
"2022-09-07, 18:00", ,K. Žalgiris,5 : 1,Džiugas,„Kauno Žalgirio“ FA stadionas
"2022-09-06, 20:00", ,Sūduva,2 : 1,Hegelmann,Marijampolės futbolo arenos stadionas
"2022-09-04, 17:55", ,Banga,0 : 1,K. Žalgiris,Gargždų m. stadionas
"2022-09-03, 17:00", ,Riteriai,2 : 1,Jonava,LFF stadionas
"2022-09-03, 15:00", ,Džiugas,1 : 1,Žalgiris,Telšių m. centrinis stadionas
"2022-09-02, 18:00", ,Hegelmann,1 : 1,Panevėžys,LFF Kauno treniruočių centro st.
"2022-08-28, 19:00", ,Hegelmann,1 : 4,Žalgiris,LFF Kauno treniruočių centro st.
"2022-08-28, 17:55", ,Šiauliai,0 : 3,K. Žalgiris,Šiaulių sav. stadionas
"2022-08-27, 19:00", ,Panevėžys,3 : 2,Džiugas,„Aukštaitijos“ stadionas
"2022-08-27, 17:00", ,Jonava,0 : 2,Sūduva,Jonavos m. stadionas
"2022-08-26, 18:00", ,Banga,0 : 1,Riteriai,Gargždų m. stadionas
"2022-08-21, 20:00", ,Sūduva,2 : 1,Riteriai,Marijampolės futbolo arenos stadionas
"2022-08-21, 19:00", ,Žalgiris,3 : 1,Jonava,LFF stadionas
"2022-08-21, 17:55", ,Panevėžys,2 : 1,Banga,„Aukštaitijos“ stadionas
"2022-08-20, 19:00", ,Šiauliai,2 : 2,Džiugas,Šiaulių sav. stadionas
"2022-08-20, 17:00", ,Hegelmann,1 : 1,K. Žalgiris,LFF Kauno treniruočių centro st.
"2022-08-14, 20:00", ,Banga,0 : 0,Sūduva,Gargždų m. stadionas
"2022-08-14, 17:55", ,Riteriai,1 : 5,Žalgiris,LFF stadionas
"2022-08-13, 19:00", ,Panevėžys,1 : 2,Šiauliai,„Aukštaitijos“ stadionas
"2022-08-13, 17:00", ,Jonava,1 : 2,K. Žalgiris,Jonavos m. stadionas
"2022-08-12, 18:00", ,Hegelmann,5 : 0,Džiugas,LFF Kauno treniruočių centro st.
"2022-08-07, 17:55", ,Sūduva,4 : 1,Panevėžys,Marijampolės futbolo arenos stadionas
"2022-08-07, 15:00", ,K. Žalgiris,2 : 0,Riteriai,„Kauno Žalgirio“ FA stadionas
"2022-08-06, 17:00", ,Žalgiris,2 : 1,Banga,LFF stadionas
"2022-08-06, 15:00", ,Džiugas,2 : 2,Jonava,Telšių m. centrinis stadionas
"2022-08-05, 18:00", ,Šiauliai,0 : 0,Hegelmann,Šiaulių sav. stadionas
"2022-08-02, 18:00", ,K. Žalgiris,2 : 2,Sūduva,„Kauno Žalgirio“ FA stadionas
"2022-07-31, 17:55", ,Jonava,0 : 1,Hegelmann,Jonavos m. stadionas
"2022-07-30, 18:00", ,Riteriai,3 : 1,Šiauliai,LFF stadionas
"2022-07-29, 18:00", ,Banga,1 : 1,Džiugas,Gargždų m. stadionas
"2022-07-24, 17:55", ,Banga,1 : 1,Hegelmann,Gargždų m. stadionas
"2022-07-23, 19:00", ,Jonava,1 : 3,Šiauliai,Jonavos m. stadionas
"2022-07-23, 17:00", ,Panevėžys,2 : 1,K. Žalgiris,„Aukštaitijos“ stadionas
"2022-07-22, 18:00", ,Riteriai,2 : 1,Džiugas,LFF stadionas
"2022-07-17, 17:55", ,Džiugas,0 : 1,Banga,Telšių m. centrinis stadionas
"2022-07-16, 18:00", ,Hegelmann,6 : 0,Jonava,LFF Kauno treniruočių centro st.
"2022-07-15, 18:00", ,Šiauliai,3 : 2,Riteriai,Šiaulių sav. stadionas
"2022-07-10, 17:55", ,Džiugas,1 : 4,Riteriai,Telšių m. centrinis stadionas
"2022-07-09, 19:00", ,Sūduva,2 : 1,Šiauliai,Marijampolės futbolo arenos stadionas
"2022-07-09, 17:00", ,Hegelmann,5 : 0,Banga,LFF Kauno treniruočių centro st.
"2022-07-03, 17:55", ,Šiauliai,3 : 2,Džiugas,Šiaulių sav. stadionas
"2022-07-02, 20:00", ,Riteriai,1 : 1,K. Žalgiris,LFF stadionas
"2022-07-02, 18:00", ,Banga,1 : 2,Panevėžys,Gargždų m. stadionas
"2022-07-02, 16:00", ,Jonava,0 : 4,Sūduva,Jonavos m. stadionas
"2022-07-01, 19:00", ,Žalgiris,2 : 1,Hegelmann,LFF stadionas
"2022-06-26, 20:00", ,K. Žalgiris,1 : 1,Banga,„Kauno Žalgirio“ FA stadionas
"2022-06-26, 17:55", ,Sūduva,0 : 5,Žalgiris,Marijampolės futbolo arenos stadionas
"2022-06-26, 15:00", ,Džiugas,2 : 0,Jonava,Telšių m. centrinis stadionas
"2022-06-25, 19:00", ,Riteriai,0 : 3,Hegelmann,LFF stadionas
"2022-06-25, 17:00", ,Panevėžys,1 : 2,Šiauliai,„Aukštaitijos“ stadionas
"2022-06-22, 20:00", ,Žalgiris,2 : 1,Džiugas,LFF stadionas
"2022-06-22, 19:00", ,Šiauliai,0 : 1,K. Žalgiris,Šiaulių sav. stadionas
"2022-06-22, 18:00", ,Jonava,0 : 5,Panevėžys,Jonavos m. stadionas
"2022-06-21, 20:00", ,Banga,0 : 4,Riteriai,Gargždų m. stadionas
"2022-06-21, 18:00", ,Hegelmann,2 : 2,Sūduva,LFF Kauno treniruočių centro st.
"2022-06-19, 17:55", ,Panevėžys,0 : 2,Žalgiris,„Aukštaitijos“ stadionas
"2022-06-19, 15:00", ,K. Žalgiris,4 : 0,Jonava,„Kauno Žalgirio“ FA stadionas
"2022-06-18, 19:00", ,Riteriai,1 : 1,Šiauliai,LFF stadionas
"2022-06-18, 17:00", ,Džiugas,2 : 2,Sūduva,Telšių m. centrinis stadionas
"2022-06-17, 18:00", ,Banga,1 : 0,Hegelmann,Gargždų m. stadionas
"2022-05-29, 17:30", ,Jonava,0 : 1,Riteriai,Jonavos m. stadionas
"2022-05-22, 17:30", ,Žalgiris,1 : 2,K. Žalgiris,LFF stadionas
"2022-05-22, 15:00", ,Šiauliai,1 : 1,Banga,Šiaulių sav. stadionas
"2022-05-21, 19:00", ,Sūduva,2 : 1,Panevėžys,Marijampolės futbolo arenos stadionas
"2022-05-21, 15:00", ,Hegelmann,2 : 0,Džiugas,LFF Kauno treniruočių centro st.
"2022-05-15, 17:30", ,Šiauliai,0 : 0,Hegelmann,Šiaulių sav. stadionas
"2022-05-15, 15:00", ,Panevėžys,1 : 0,Džiugas,„Aukštaitijos“ stadionas
"2022-05-14, 17:00", ,Banga,1 : 1,Jonava,Gargždų m. stadionas
"2022-05-14, 15:00", ,Riteriai,0 : 1,Žalgiris,LFF stadionas
"2022-05-14, 13:00", ,K. Žalgiris,0 : 3,Sūduva,Prezidento V. Adamkaus VDU sporto centras
"2022-05-04, 20:00", ,Žalgiris,2 : 1,Banga,LFF stadionas
"2022-05-04, 19:00", ,Sūduva,1 : 1,Riteriai,Marijampolės futbolo arenos stadionas
"2022-05-04, 18:00", ,Džiugas,1 : 2,K. Žalgiris,„Ateities“ progimnazijos stadionas
"2022-05-03, 18:00", ,Jonava,0 : 3,Šiauliai,Jonavos dirbtinės dangos st.
"2022-05-03, 18:00", ,Panevėžys,1 : 1,Hegelmann,„Žemynos“ progimnazijos stadionas
"2022-05-01, 17:30", ,Riteriai,3 : 0,Džiugas,LFF stadionas
"2022-05-01, 15:00", ,Banga,0 : 1,Sūduva,Gargždų m. stadionas
"2022-04-30, 19:00", ,Šiauliai,0 : 1,Žalgiris,Šiaulių sav. stadionas
"2022-04-30, 17:00", ,K. Žalgiris,2 : 1,Panevėžys,Prezidento V. Adamkaus VDU sporto centras
"2022-04-30, 13:00", ,Hegelmann,4 : 0,Jonava,LFF Kauno treniruočių centro st.
"2022-04-27, 20:00", ,Sūduva,2 : 0,Šiauliai,Marijampolės futbolo arenos maniežas
"2022-04-27, 18:00", ,Panevėžys,3 : 0,Riteriai,„Žemynos“ progimnazijos stadionas
"2022-04-27, 18:00", ,Jonava,0 : 5,Žalgiris,Jonavos dirbtinės dangos st.
"2022-04-26, 20:00", ,K. Žalgiris,1 : 3,Hegelmann,Prezidento V. Adamkaus VDU sporto centras
"2022-04-26, 18:00", ,Džiugas,0 : 0,Banga,„Ateities“ progimnazijos stadionas
"2022-04-24, 17:30", ,Sūduva,2 : 0,Jonava,Marijampolės futbolo arenos maniežas
"2022-04-23, 17:00", ,Hegelmann,2 : 2,Žalgiris,LFF Kauno treniruočių centro st.
"2022-04-23, 15:00", ,Džiugas,0 : 0,Šiauliai,„Ateities“ progimnazijos stadionas
"2022-04-23, 13:00", ,Panevėžys,2 : 0,Banga,„Žemynos“ progimnazijos stadionas
"2022-04-22, 18:00", ,K. Žalgiris,0 : 1,Riteriai,Prezidento V. Adamkaus VDU sporto centras
"2022-04-17, 17:30", ,Žalgiris,0 : 0,Sūduva,LFF stadionas
"2022-04-16, 17:00", ,Jonava,0 : 1,Džiugas,Jonavos dirbtinės dangos st.
"2022-04-16, 15:00", ,Šiauliai,0 : 3,Panevėžys,Šiaulių „Gytarių“ stadionas
"2022-04-16, 13:00", ,Hegelmann,1 : 1,Riteriai,LFF Kauno treniruočių centro st.
"2022-04-15, 18:00", ,Banga,3 : 1,K. Žalgiris,Gargždų m. stadionas
"2022-04-13, 14:30", ,Džiugas,3 : 5,Žalgiris,„Ateities“ progimnazijos stadionas
"2022-04-10, 17:30", ,Sūduva,0 : 1,Hegelmann,Marijampolės futbolo arenos maniežas
"2022-04-10, 15:00", ,Riteriai,1 : 0,Banga,LFF stadionas
"2022-04-10, 13:00", ,K. Žalgiris,0 : 0,Šiauliai,Prezidento V. Adamkaus VDU sporto centras
"2022-04-09, 13:00", ,Panevėžys,4 : 0,Jonava,„Žemynos“ progimnazijos stadionas
"2022-04-06, 20:00", ,Šiauliai,1 : 0,Riteriai,Šiaulių „Gytarių“ stadionas
"2022-04-06, 18:00", ,Hegelmann,2 : 0,Banga,LFF Kauno treniruočių centro st.
"2022-04-05, 20:00", ,Sūduva,1 : 1,Džiugas,Marijampolės futbolo arenos maniežas
"2022-04-05, 19:00", ,Žalgiris,0 : 0,Panevėžys,LFF stadionas
"2022-04-05, 18:00", ,Jonava,0 : 2,K. Žalgiris,Jonavos dirbtinės dangos st.
"2022-04-03, 17:30", ,Banga,0 : 0,Šiauliai,Gargždų m. stadionas
"2022-04-02, 17:00", ,K. Žalgiris,2 : 2,Žalgiris,Prezidento V. Adamkaus VDU sporto centras
"2022-04-02, 15:00", ,Džiugas,1 : 1,Hegelmann,„Ateities“ progimnazijos stadionas
"2022-04-02, 13:00", ,Panevėžys,2 : 1,Sūduva,„Žemynos“ progimnazijos stadionas
"2022-04-01, 19:30", ,Riteriai,5 : 0,Jonava,„Sportima“
"2022-03-26, 15:00", ,Banga,3 : 3,Džiugas,Gargždų m. stadionas
"2022-03-20, 17:30", ,Žalgiris,2 : 0,Riteriai,„Sportima“
"2022-03-20, 15:00", ,Hegelmann,1 : 0,Šiauliai,LFF Kauno treniruočių centro st.
"2022-03-20, 13:00", ,Džiugas,0 : 1,Panevėžys,„Ateities“ progimnazijos stadionas
"2022-03-19, 17:00", ,Sūduva,1 : 1,K. Žalgiris,Marijampolės futbolo arenos maniežas
"2022-03-19, 15:00", ,Jonava,1 : 3,Banga,Jonavos dirbtinės dangos st.
"2022-03-16, 19:30", ,Riteriai,2 : 0,Sūduva,„Sportima“
"2022-03-16, 19:00", ,Banga,0 : 2,Žalgiris,Gargždų m. stadionas
"2022-03-16, 18:00", ,Šiauliai,3 : 0,Jonava,Šiaulių „Gytarių“ stadionas
"2022-03-15, 20:00", ,K. Žalgiris,2 : 1,Džiugas,Prezidento V. Adamkaus VDU sporto centras
"2022-03-15, 18:00", ,Hegelmann,0 : 1,Panevėžys,LFF Kauno treniruočių centro st.
"2022-03-13, 17:30", ,Žalgiris,0 : 0,Šiauliai,„Sportima“
"2022-03-12, 17:00", ,Sūduva,3 : 0,Banga,Marijampolės futbolo arenos maniežas
"2022-03-12, 15:00", ,Džiugas,0 : 1,Riteriai,„Ateities“ progimnazijos stadionas
"2022-03-11, 15:00", ,Jonava,1 : 4,Hegelmann,Jonavos dirbtinės dangos st.
"2022-03-11, 13:00", ,Panevėžys,1 : 0,K. Žalgiris,„Žemynos“ progimnazijos stadionas
"2022-03-06, 17:30", ,Riteriai,0 : 0,Panevėžys,„Sportima“
"2022-03-06, 15:00", ,Šiauliai,0 : 0,Sūduva,Šiaulių „Gytarių“ stadionas
"2022-03-05, 13:00", ,Hegelmann,2 : 1,K. Žalgiris,LFF Kauno treniruočių centro st.
"2022-03-04, 19:30", ,Žalgiris,6 : 0,Jonava,„Sportima“
"2021-11-28, 15:00", ,Žalgiris,3 : 2,Džiugas,LFF stadionas
"2021-11-28, 15:00", ,Sūduva,0 : 1,Dainava,Marijampolės futbolo arenos maniežas
"2021-11-28, 15:00", ,Panevėžys,2 : 2,Hegelmann,„Aukštaitijos“ stadionas
"2021-11-28, 15:00", ,Nevėžis,0 : 6,Riteriai,Kėdainių centrinis stadionas
"2021-11-28, 15:00", ,K. Žalgiris,0 : 1,Banga,LFF Kauno treniruočių centro st.
"2021-11-24, 19:00", ,Žalgiris,2 : 0,Panevėžys,LFF stadionas
"2021-11-24, 18:00", ,Banga,3 : 1,Nevėžis,Gargždų m. stadionas
"2021-11-21, 13:00", ,Panevėžys,3 : 0,Nevėžis,„Žemynos“ progimnazijos stadionas
"2021-11-20, 17:00", ,Sūduva,3 : 1,Džiugas,Marijampolės futbolo arenos maniežas
"2021-11-20, 13:00", ,Hegelmann,0 : 0,Riteriai,LFF Kauno treniruočių centro st.
"2021-11-19, 20:00", ,Banga,1 : 1,Dainava,Gargždų m. stadionas
"2021-11-19, 18:00", ,Žalgiris,0 : 0,K. Žalgiris,LFF stadionas
"2021-11-07, 15:00", ,Dainava,0 : 2,Žalgiris,Alytaus m. stadionas
"2021-11-07, 13:00", ,Hegelmann,2 : 1,Sūduva,LFF Kauno treniruočių centro st.
"2021-11-06, 13:00", ,Džiugas,1 : 5,K. Žalgiris,Telšių m. centrinis stadionas
"2021-11-05, 18:00", ,Riteriai,1 : 2,Panevėžys,LFF stadionas
"2021-11-03, 18:00", ,Sūduva,2 : 2,Žalgiris,Marijampolės futbolo arenos stadionas
"2021-10-31, 15:00", ,Panevėžys,2 : 2,Džiugas,„Aukštaitijos“ stadionas
"2021-10-31, 13:00", ,K. Žalgiris,2 : 0,Dainava,LFF Kauno treniruočių centro st.
"2021-10-30, 19:00", ,Žalgiris,2 : 1,Hegelmann,LFF stadionas
"2021-10-30, 13:00", ,Nevėžis,0 : 3,Sūduva,Kėdainių centrinis stadionas
"2021-10-29, 18:00", ,Riteriai,0 : 0,Banga,LFF stadionas
"2021-10-27, 20:00", ,Žalgiris,3 : 2,Sūduva,LFF stadionas
"2021-10-27, 18:00", ,K. Žalgiris,1 : 1,Panevėžys,LFF Kauno treniruočių centro st.
"2021-10-24, 17:00", ,Dainava,3 : 2,Džiugas,Alytaus m. stadionas
"2021-10-20, 18:00", ,K. Žalgiris,0 : 1,Džiugas,LFF Kauno treniruočių centro st.
"2021-10-18, 17:00", ,Nevėžis,1 : 3,Žalgiris,Kėdainių centrinis stadionas
"2021-10-17, 15:00", ,Banga,2 : 1,Panevėžys,Gargždų m. stadionas
"2021-10-16, 15:00", ,Džiugas,1 : 1,Dainava,Telšių m. centrinis stadionas
"2021-10-16, 13:00", ,Hegelmann,1 : 2,K. Žalgiris,LFF Kauno treniruočių centro st.
"2021-10-15, 18:00", ,Sūduva,1 : 1,Riteriai,Marijampolės futbolo arenos stadionas
"2021-10-14, 19:00", ,Žalgiris,6 : 0,Nevėžis,LFF stadionas
"2021-10-03, 15:00", ,Banga,0 : 3,Žalgiris,Gargždų m. stadionas
"2021-10-03, 13:00", ,Panevėžys,1 : 1,Sūduva,„Aukštaitijos“ stadionas
"2021-10-02, 15:00", ,Dainava,1 : 1,Hegelmann,Alytaus m. stadionas
"2021-10-02, 13:00", ,Nevėžis,1 : 1,Džiugas,Kėdainių centrinis stadionas
"2021-10-01, 18:00", ,Riteriai,0 : 0,K. Žalgiris,LFF stadionas
"2021-09-26, 15:00", ,Sūduva,4 : 0,Banga,Marijampolės futbolo arenos stadionas
"2021-09-26, 13:00", ,Hegelmann,1 : 1,Džiugas,LFF Kauno treniruočių centro st.
"2021-09-25, 19:00", ,Žalgiris,1 : 1,Riteriai,LFF stadionas
"2021-09-25, 13:00", ,K. Žalgiris,2 : 0,Nevėžis,„Kauno Žalgirio“ FA stadionas
"2021-09-24, 18:00", ,Panevėžys,0 : 0,Dainava,„Aukštaitijos“ stadionas
"2021-09-19, 15:00", ,Riteriai,4 : 0,Nevėžis,LFF stadionas
"2021-09-19, 13:00", ,Hegelmann,1 : 0,Panevėžys,LFF Kauno treniruočių centro st.
"2021-09-18, 17:00", ,Banga,2 : 3,K. Žalgiris,Gargždų m. stadionas
"2021-09-18, 15:00", ,Džiugas,2 : 1,Žalgiris,Telšių m. centrinis stadionas
"2021-09-17, 18:00", ,Dainava,1 : 2,Sūduva,Alytaus m. stadionas
"2021-09-15, 19:00", ,Panevėžys,1 : 1,Žalgiris,„Aukštaitijos“ stadionas
"2021-09-12, 19:00", ,K. Žalgiris,0 : 2,Žalgiris,„Kauno Žalgirio“ FA stadionas
"2021-09-12, 17:00", ,Dainava,3 : 1,Banga,Alytaus m. stadionas
"2021-09-11, 19:00", ,Nevėžis,1 : 3,Panevėžys,Kėdainių centrinis stadionas
"2021-09-11, 15:00", ,Džiugas,2 : 3,Sūduva,Telšių m. centrinis stadionas
"2021-09-10, 18:00", ,Riteriai,0 : 0,Hegelmann,LFF stadionas
"2021-08-29, 19:00", ,Dainava,2 : 4,Žalgiris,Alytaus m. stadionas
"2021-08-29, 17:00", ,Panevėžys,0 : 2,Riteriai,„Aukštaitijos“ stadionas
"2021-08-28, 17:00", ,Nevėžis,0 : 3,Banga,Kėdainių centrinis stadionas
"2021-08-27, 18:00", ,Sūduva,1 : 2,Hegelmann,Marijampolės futbolo arenos stadionas
"2021-08-25, 18:00", ,Panevėžys,4 : 0,K. Žalgiris,„Aukštaitijos“ stadionas
"2021-08-22, 19:00", ,Sūduva,2 : 0,Nevėžis,Marijampolės futbolo arenos stadionas
"2021-08-22, 17:00", ,Hegelmann,1 : 1,Žalgiris,LFF Kauno treniruočių centro st.
"2021-08-21, 17:00", ,Banga,1 : 1,Riteriai,Gargždų m. stadionas
"2021-08-21, 15:00", ,Džiugas,2 : 2,Panevėžys,Telšių m. centrinis stadionas
"2021-08-20, 18:00", ,Dainava,0 : 1,K. Žalgiris,Alytaus m. stadionas
"2021-08-15, 17:00", ,K. Žalgiris,2 : 1,Hegelmann,„Kauno Žalgirio“ FA stadionas
"2021-08-15, 13:00", ,Riteriai,1 : 3,Sūduva,LFF stadionas
"2021-08-13, 18:00", ,Panevėžys,3 : 1,Banga,„Aukštaitijos“ stadionas
"2021-08-11, 19:00", ,Sūduva,2 : 0,K. Žalgiris,Marijampolės futbolo arenos stadionas
"2021-08-09, 19:00", ,Žalgiris,3 : 0,Banga,LFF stadionas
"2021-08-07, 19:00", ,Sūduva,3 : 0,Panevėžys,Marijampolės futbolo arenos stadionas
"2021-08-07, 17:00", ,Hegelmann,1 : 1,Dainava,LFF Kauno treniruočių centro st.
"2021-08-06, 20:00", ,K. Žalgiris,1 : 1,Riteriai,„Kauno Žalgirio“ FA stadionas
"2021-08-06, 18:00", ,Džiugas,2 : 0,Nevėžis,Telšių m. centrinis stadionas
"2021-08-02, 19:00", ,K. Žalgiris,3 : 3,Sūduva,„Kauno Žalgirio“ FA stadionas
"2021-08-01, 17:00", ,Riteriai,2 : 1,Dainava,LFF stadionas
"2021-07-31, 17:00", ,Nevėžis,0 : 6,Hegelmann,Kėdainių centrinis stadionas
"2021-07-30, 18:00", ,Banga,2 : 1,Džiugas,Gargždų m. stadionas
"2021-07-25, 19:00", ,Nevėžis,0 : 1,Dainava,Kėdainių centrinis stadionas
"2021-07-23, 20:00", ,Banga,1 : 4,Hegelmann,Gargždų m. stadionas
"2021-07-23, 18:00", ,Riteriai,3 : 2,Džiugas,LFF stadionas
"2021-07-19, 20:00", ,Dainava,2 : 1,Riteriai,Alytaus m. stadionas
"2021-07-17, 19:00", ,Hegelmann,2 : 0,Nevėžis,LFF Kauno treniruočių centro st.
"2021-07-16, 18:00", ,Džiugas,1 : 1,Banga,Telšių m. centrinis stadionas
"2021-07-11, 19:00", ,Hegelmann,4 : 1,Banga,LFF Kauno treniruočių centro st.
"2021-07-10, 19:00", ,Džiugas,2 : 0,Riteriai,Telšių m. centrinis stadionas
"2021-07-09, 18:00", ,Dainava,1 : 1,Nevėžis,Alytaus m. stadionas
"2021-07-03, 17:00", ,Džiugas,2 : 1,Hegelmann,Telšių m. centrinis stadionas
"2021-07-02, 20:00", ,Banga,0 : 2,Sūduva,Gargždų m. stadionas
"2021-07-02, 20:00", ,Nevėžis,1 : 1,K. Žalgiris,Kėdainių centrinis stadionas
"2021-07-02, 18:00", ,Riteriai,0 : 0,Žalgiris,LFF stadionas
"2021-07-01, 19:00", ,Dainava,1 : 2,Panevėžys,Alytaus m. stadionas
"2021-06-27, 17:00", ,Banga,1 : 0,Džiugas,Gargždų m. stadionas
"2021-06-27, 15:00", ,Žalgiris,2 : 0,Nevėžis,LFF stadionas
"2021-06-26, 17:00", ,K. Žalgiris,1 : 2,Panevėžys,„Kauno Žalgirio“ FA stadionas
"2021-06-26, 15:00", ,Dainava,1 : 2,Hegelmann,Alytaus m. stadionas
"2021-06-25, 18:00", ,Riteriai,1 : 1,Sūduva,LFF stadionas
"2021-06-20, 19:00", ,K. Žalgiris,2 : 2,Hegelmann,„Kauno Žalgirio“ FA stadionas
"2021-06-20, 17:00", ,Panevėžys,1 : 1,Riteriai,„Aukštaitijos“ stadionas
"2021-06-19, 19:00", ,Dainava,1 : 1,Sūduva,Alytaus m. stadionas
"2021-06-18, 20:00", ,Nevėžis,0 : 2,Banga,Kėdainių centrinis stadionas
"2021-06-18, 18:00", ,Džiugas,0 : 3,Žalgiris,Telšių m. centrinis stadionas
"2021-06-15, 18:00", ,Riteriai,3 : 0,Banga,LFF stadionas
"2021-06-12, 19:00", ,Riteriai,1 : 1,Džiugas,LFF stadionas
"2021-06-12, 17:00", ,Nevėžis,0 : 1,Panevėžys,Kėdainių centrinis stadionas
"2021-06-12, 15:00", ,K. Žalgiris,1 : 0,Dainava,„Kauno Žalgirio“ FA stadionas
"2021-06-11, 20:00", ,Banga,0 : 2,Hegelmann,Gargždų m. stadionas
"2021-06-11, 18:00", ,Sūduva,0 : 2,Žalgiris,Marijampolės futbolo arenos stadionas
"2021-05-29, 15:30", ,Dainava,3 : 1,Banga,Alytaus m. stadionas
"2021-05-28, 19:00", ,Hegelmann,0 : 0,Panevėžys,LFF Kauno treniruočių centro st.
"2021-05-28, 18:00", ,Žalgiris,2 : 2,K. Žalgiris,LFF stadionas
"2021-05-27, 20:00", ,Nevėžis,0 : 0,Riteriai,Kėdainių centrinis stadionas
"2021-05-27, 18:00", ,Džiugas,2 : 1,Sūduva,Telšių m. centrinis stadionas
"2021-05-20, 20:00", ,Banga,1 : 3,Žalgiris,Gargždų m. stadionas
"2021-05-20, 18:00", ,K. Žalgiris,1 : 0,Sūduva,„Kauno Žalgirio“ FA stadionas
"2021-05-19, 20:00", ,Panevėžys,3 : 0,Dainava,„Aukštaitijos“ stadionas
"2021-05-19, 19:00", ,Nevėžis,2 : 1,Džiugas,Kėdainių centrinis stadionas
"2021-05-19, 18:00", ,Riteriai,1 : 3,Hegelmann,LFF stadionas
"2021-05-16, 15:00", ,Sūduva,4 : 0,Banga,Marijampolės futbolo arenos stadionas
"2021-05-15, 13:00", ,K. Žalgiris,1 : 0,Džiugas,„Kauno Žalgirio“ FA stadionas
"2021-05-14, 20:00", ,Dainava,1 : 1,Riteriai,Alytaus m. stadionas
"2021-05-14, 19:00", ,Nevėžis,0 : 1,Hegelmann,Kėdainių centrinis stadionas
"2021-05-14, 18:00", ,Žalgiris,1 : 0,Panevėžys,LFF stadionas
"2021-05-11, 18:00", ,Panevėžys,0 : 2,Žalgiris,„Aukštaitijos“ stadionas
"2021-05-09, 19:00", ,Nevėžis,0 : 2,Sūduva,Kėdainių centrinis stadionas
"2021-05-09, 13:00", ,Riteriai,1 : 2,K. Žalgiris,LFF stadionas
"2021-05-08, 15:00", ,Džiugas,2 : 3,Dainava,„Ateities“ progimnazijos stadionas
"2021-05-08, 13:00", ,Hegelmann,2 : 1,Žalgiris,LFF Kauno treniruočių centro st.
"2021-05-07, 18:00", ,Banga,2 : 2,Panevėžys,Gargždų m. stadionas
"2021-05-05, 18:00", ,Sūduva,2 : 0,Riteriai,Marijampolės futbolo arenos maniežas
"2021-05-04, 20:00", ,Nevėžis,0 : 3,Žalgiris,Kėdainių centrinis stadionas
"2021-05-04, 18:00", ,Hegelmann,0 : 1,Dainava,LFF Kauno treniruočių centro st.
"2021-05-03, 18:00", ,Panevėžys,2 : 1,K. Žalgiris,„Žemynos“ progimnazijos stadionas
"2021-05-03, 17:00", ,Džiugas,1 : 1,Banga,„Ateities“ progimnazijos stadionas
"2021-04-30, 18:00", ,Žalgiris,5 : 1,Dainava,LFF stadionas
"2021-04-30, 17:00", ,Hegelmann,0 : 1,Sūduva,LFF Kauno treniruočių centro st.
"2021-04-29, 19:00", ,Banga,0 : 2,Riteriai,Gargždų m. stadionas
"2021-04-29, 18:00", ,Nevėžis,1 : 2,K. Žalgiris,Kėdainių centrinis stadionas
"2021-04-29, 17:00", ,Džiugas,0 : 2,Panevėžys,„Ateities“ progimnazijos stadionas
"2021-04-25, 15:00", ,Panevėžys,0 : 0,Sūduva,„Žemynos“ progimnazijos stadionas
"2021-04-25, 13:00", ,Banga,1 : 5,K. Žalgiris,Gargždų m. stadionas
"2021-04-24, 19:00", ,Nevėžis,0 : 1,Dainava,Kėdainių centrinis stadionas
"2021-04-24, 17:00", ,Hegelmann,1 : 1,Džiugas,LFF Kauno treniruočių centro st.
"2021-04-23, 18:00", ,Riteriai,1 : 1,Žalgiris,LFF stadionas
"2021-04-21, 20:00", ,Banga,5 : 2,Nevėžis,Gargždų m. stadionas
"2021-04-21, 18:00", ,Hegelmann,2 : 3,K. Žalgiris,LFF Kauno treniruočių centro st.
"2021-04-20, 21:00", ,Riteriai,2 : 0,Panevėžys,LFF stadionas
"2021-04-20, 19:00", ,Sūduva,3 : 1,Dainava,Marijampolės futbolo arenos maniežas
"2021-04-20, 17:00", ,Žalgiris,2 : 2,Džiugas,LFF stadionas
"2021-04-17, 15:00", ,Hegelmann,0 : 1,Banga,LFF Kauno treniruočių centro st.
"2021-04-17, 13:00", ,Panevėžys,4 : 2,Nevėžis,„Žemynos“ progimnazijos stadionas
"2021-04-16, 20:00", ,Dainava,0 : 1,K. Žalgiris,Marijampolės futbolo arenos maniežas
"2021-04-16, 18:00", ,Žalgiris,1 : 2,Sūduva,LFF stadionas
"2021-04-16, 17:00", ,Džiugas,1 : 4,Riteriai,„Ateities“ progimnazijos stadionas
"2021-04-13, 19:00", ,Banga,2 : 0,Dainava,Gargždų m. stadionas
"2021-04-13, 17:00", ,Panevėžys,2 : 2,Hegelmann,„Žemynos“ progimnazijos stadionas
"2021-04-12, 20:00", ,Riteriai,4 : 0,Nevėžis,LFF stadionas
"2021-04-12, 18:00", ,Sūduva,2 : 1,Džiugas,Marijampolės futbolo arenos maniežas
"2021-04-11, 15:00", ,K. Žalgiris,0 : 1,Žalgiris,Marijampolės futbolo arenos maniežas
"2021-04-09, 18:00", ,Dainava,1 : 3,Panevėžys,Marijampolės futbolo arenos maniežas
"2021-04-08, 18:00", ,Hegelmann,2 : 0,Riteriai,LFF Kauno treniruočių centro st.
"2021-04-08, 17:00", ,Džiugas,3 : 0,Nevėžis,„Ateities“ progimnazijos stadionas
"2021-04-07, 20:00", ,Žalgiris,2 : 0,Banga,LFF stadionas
"2021-04-07, 18:00", ,Sūduva,2 : 1,K. Žalgiris,Marijampolės futbolo arenos maniežas
"2021-04-03, 16:00", ,Džiugas,1 : 1,K. Žalgiris,„Ateities“ progimnazijos stadionas
"2021-04-02, 20:00", ,Banga,1 : 2,Sūduva,Gargždų m. stadionas
"2021-04-02, 18:00", ,Riteriai,2 : 2,Dainava,LFF stadionas
"2021-04-02, 17:00", ,Hegelmann,2 : 0,Nevėžis,LFF Kauno treniruočių centro st.
"2021-03-21, 15:00", ,Dainava,1 : 1,Džiugas,Marijampolės futbolo arenos maniežas
"2021-03-20, 19:00", ,Žalgiris,2 : 0,Hegelmann,„Sportima“
"2021-03-20, 15:00", ,Panevėžys,4 : 2,Banga,„Žemynos“ progimnazijos stadionas
"2021-03-20, 13:00", ,K. Žalgiris,2 : 1,Riteriai,Marijampolės futbolo arenos maniežas
"2021-03-19, 18:00", ,Sūduva,1 : 0,Nevėžis,Marijampolės futbolo arenos maniežas
"2021-03-16, 17:00", ,Žalgiris,2 : 0,Riteriai,„Sportima“
"2021-03-14, 15:00", ,Panevėžys,1 : 0,Džiugas,„Žemynos“ progimnazijos stadionas
"2021-03-14, 13:00", ,K. Žalgiris,5 : 0,Nevėžis,Marijampolės futbolo arenos maniežas
"2021-03-13, 15:00", ,Žalgiris,2 : 2,Dainava,„Sportima“
"2021-03-12, 18:00", ,Sūduva,2 : 0,Hegelmann,Marijampolės futbolo arenos maniežas
"2021-03-07, 15:00", ,Sūduva,0 : 1,Panevėžys,Marijampolės futbolo arenos maniežas
"2021-03-06, 15:00", ,Dainava,0 : 2,Nevėžis,Marijampolės futbolo arenos maniežas
"2021-03-06, 13:00", ,Džiugas,2 : 1,Hegelmann,„Ateities“ progimnazijos stadionas
"2021-03-05, 18:00", ,K. Žalgiris,1 : 0,Banga,Marijampolės futbolo arenos maniežas
